"Time (s)","Latitude (°)","Longitude (°)","Altitude (m)","Altitude WGS84 (m)","Speed (m/s)","Direction (°)","Distance (km)","Horizontal Accuracy (m)","Vertical Accuracy (m)","Satellites"
4.295963600E-2,6.499354090E1,2.548358980E1,NaN,NaN,NaN,NaN,3.002762035E-1,1.372267090E3,0.000000000E0,-1.000000000E0
1.095185833E0,6.499093803E1,2.548529156E1,8.853388343E0,2.632250977E1,1.289999962E0,1.750000000E2,3.014666569E-1,3.790092468E0,3.079312086E0,3.700000000E1
1.667962812E0,6.499092759E1,2.548529717E1,7.694138435E0,2.516326904E1,1.429999948E0,1.676999969E2,3.025072550E-1,4.164453506E0,2.685574770E0,3.700000000E1
2.667495937E0,6.499091830E1,2.548529984E1,8.663002205E0,2.613214111E1,1.389999986E0,1.808999939E2,3.047227350E-1,3.790092468E0,2.500000000E0,3.500000000E1
3.667146457E0,6.499089949E1,2.548531538E1,9.176901966E0,2.664605713E1,1.490000010E0,1.810000000E2,3.073439521E-1,3.790092468E0,2.500000000E0,3.700000000E1
4.666868332E0,6.499087599E1,2.548531099E1,1.079815722E1,2.826733398E1,1.360000014E0,1.836000061E2,3.087549642E-1,3.790092468E0,2.500000000E0,3.800000000E1
5.667727238E0,6.499086369E1,2.548530361E1,9.701099732E0,2.717028809E1,1.250000000E0,1.938000031E2,3.101886082E-1,3.790092468E0,2.500000000E0,3.800000000E1
6.667558279E0,6.499085126E1,2.548529551E1,9.597267189E0,2.706646729E1,1.409999967E0,1.921999969E2,3.116904684E-1,3.790092468E0,2.500000000E0,3.800000000E1
7.667381925E0,6.499083835E1,2.548528612E1,9.395777889E0,2.686499023E1,1.610000014E0,1.930000000E2,3.131517435E-1,3.790092468E0,2.500000000E0,3.800000000E1
8.667220778E0,6.499082607E1,2.548527505E1,9.347243172E0,2.681646729E1,1.500000000E0,1.978000031E2,3.145760753E-1,3.790092468E0,2.500000000E0,3.800000000E1
9.667449736E0,6.499081524E1,2.548525887E1,9.213504417E0,2.668273926E1,1.539999962E0,2.061000061E2,3.160178117E-1,3.790092468E0,2.500000000E0,3.800000000E1
1.066723974E1,6.499080642E1,2.548523639E1,9.498224177E0,2.696746826E1,1.509999990E0,2.213000031E2,3.175078347E-1,3.790092468E0,2.500000000E0,3.600000000E1
1.166751890E1,6.499080036E1,2.548520812E1,9.884996913E0,2.735424805E1,1.460000038E0,2.361999969E2,3.190786910E-1,3.790092468E0,2.500000000E0,3.600000000E1
1.266695942E1,6.499079784E1,2.548517524E1,9.539533846E0,2.700878906E1,1.350000024E0,2.505000000E2,3.207005168E-1,3.790092468E0,2.500000000E0,3.600000000E1
1.366765593E1,6.499079845E1,2.548514077E1,8.912030081E0,2.638128662E1,1.399999976E0,2.577999878E2,3.222191070E-1,3.790092468E0,2.500000000E0,3.600000000E1
1.466740895E1,6.499079931E1,2.548510853E1,8.766216118E0,2.623547363E1,1.279999971E0,2.610000000E2,3.238346918E-1,3.790092468E0,2.500000000E0,3.600000000E1
1.566785307E1,6.499080140E1,2.548507452E1,9.165691263E0,2.663494873E1,1.360000014E0,2.602999878E2,3.255667704E-1,3.790092468E0,2.500000000E0,3.600000000E1
1.666783088E1,6.499080167E1,2.548503768E1,9.020975146E0,2.649023438E1,1.429999948E0,2.607000122E2,3.273633449E-1,3.790092468E0,2.548322201E0,3.800000000E1
1.766734328E1,6.499080263E1,2.548499953E1,9.171730776E0,2.664099121E1,1.389999986E0,2.632999878E2,3.291343220E-1,3.790092468E0,2.537548304E0,3.800000000E1
1.866731265E1,6.499080501E1,2.548496228E1,9.286660109E0,2.675592041E1,1.399999976E0,2.652000122E2,3.308037738E-1,3.790092468E0,2.514565945E0,3.900000000E1
1.966737062E1,6.499080772E1,2.548492735E1,9.114846704E0,2.658410645E1,1.399999976E0,2.723999939E2,3.324777124E-1,3.790092468E0,2.630820274E0,3.800000000E1
2.066735452E1,6.499080960E1,2.548489202E1,8.522378227E0,2.599163818E1,1.360000014E0,2.662000122E2,3.340457649E-1,3.790092468E0,2.630187035E0,3.800000000E1
2.166727093E1,6.499080904E1,2.548485869E1,8.512732347E0,2.598199463E1,1.360000014E0,2.595000000E2,3.355124372E-1,3.790092468E0,2.786480904E0,3.800000000E1
2.266707510E1,6.499080755E1,2.548482769E1,8.355746882E0,2.582501221E1,1.340000033E0,2.610000000E2,3.367845025E-1,3.790092468E0,2.719503164E0,3.700000000E1
2.366755832E1,6.499080724E1,2.548480064E1,8.432039072E0,2.590130615E1,1.200000048E0,2.706000061E2,3.381109836E-1,3.790092468E0,2.860247374E0,3.700000000E1
2.466721864E1,6.499080682E1,2.548477244E1,9.024993696E0,2.649426270E1,1.220000029E0,2.716000061E2,3.394548566E-1,3.790092468E0,3.169217825E0,3.600000000E1
2.566750291E1,6.499080568E1,2.548474398E1,9.050137594E0,2.651940918E1,1.299999952E0,2.652000122E2,3.408991681E-1,3.790092468E0,3.470453024E0,3.600000000E1
2.666688457E1,6.499080491E1,2.548471331E1,7.968409149E0,2.543768311E1,1.190000057E0,2.703999939E2,3.424201606E-1,3.790092468E0,3.449998140E0,3.600000000E1
2.766785910E1,6.499080437E1,2.548468098E1,8.143638830E0,2.561291504E1,1.289999962E0,2.642999878E2,3.439183381E-1,3.790092468E0,3.393522263E0,3.600000000E1
2.866786848E1,6.499080279E1,2.548464933E1,8.139302174E0,2.560858154E1,1.309999943E0,2.586000061E2,3.453593377E-1,3.790092468E0,3.430327892E0,3.600000000E1
2.966695093E1,6.499080072E1,2.548461907E1,7.884721007E0,2.535400391E1,1.309999943E0,2.602000122E2,3.467616614E-1,3.790092468E0,3.365480185E0,3.600000000E1
3.066736561E1,6.499080038E1,2.548458925E1,7.683119953E0,2.515240479E1,1.169999957E0,2.632000122E2,3.483364790E-1,3.790092468E0,3.383241892E0,3.600000000E1
3.166695337E1,6.499080043E1,2.548455575E1,7.075024911E0,2.454431152E1,1.279999971E0,2.628999939E2,3.498577759E-1,3.790092468E0,3.276527405E0,3.700000000E1
3.266756916E1,6.499080057E1,2.548452339E1,6.649913412E0,2.411920166E1,1.169999957E0,2.613999939E2,3.513224671E-1,3.790092468E0,3.120823860E0,3.700000000E1
3.366746379E1,6.499080086E1,2.548449224E1,6.100656608E0,2.356994629E1,1.259999990E0,2.646000061E2,3.524748004E-1,3.790092468E0,3.092697144E0,3.600000000E1
3.466788384E1,6.499080243E1,2.548446801E1,6.549509253E0,2.401879883E1,8.299999833E-1,2.737000122E2,3.537338956E-1,3.790092468E0,2.955537796E0,3.600000000E1
3.566744634E1,6.499080844E1,2.548444531E1,6.986769337E0,2.445605469E1,1.269999981E0,2.995000000E2,3.553009266E-1,3.790092468E0,3.042178631E0,3.600000000E1
3.666741879E1,6.499080564E1,2.548441264E1,5.456064329E0,2.292535400E1,8.500000238E-1,2.458000031E2,3.561472920E-1,3.944732904E0,3.097069740E0,3.700000000E1
3.766695842E1,6.499080225E1,2.548439652E1,5.086797675E0,2.255609131E1,8.600000143E-1,2.396999969E2,3.577116421E-1,4.393970490E0,3.067187071E0,3.800000000E1
3.866753488E1,6.499080460E1,2.548436371E1,5.790472340E0,2.325976562E1,1.039999962E0,2.588999939E2,3.590069621E-1,3.790092468E0,3.123895884E0,3.800000000E1
3.966773045E1,6.499080293E1,2.548433644E1,6.036379981E0,2.350567627E1,1.370000005E0,2.590000000E2,3.602458418E-1,3.790092468E0,3.094208002E0,3.400000000E1
4.066704821E1,6.499080111E1,2.548431044E1,6.036071735E0,2.350537109E1,1.370000005E0,2.608999939E2,3.615846561E-1,3.790092468E0,2.954247236E0,3.400000000E1
4.166709389E1,6.499079718E1,2.548428352E1,5.923090624E0,2.339239502E1,1.360000014E0,2.567000122E2,3.629909466E-1,3.790092468E0,2.826344490E0,3.400000000E1
4.266694660E1,6.499079283E1,2.548425543E1,6.195301938E0,2.366461182E1,1.350000024E0,2.546999969E2,3.645789370E-1,3.790092468E0,2.752468109E0,3.500000000E1
4.366692644E1,6.499078776E1,2.548422385E1,5.467512408E0,2.293682861E1,1.320000052E0,2.556000061E2,3.661533136E-1,3.790092468E0,2.730001450E0,3.500000000E1
4.466771149E1,6.499078233E1,2.548419292E1,6.214515067E0,2.368383789E1,1.330000043E0,2.577000122E2,3.677805037E-1,3.790092468E0,2.798199177E0,3.500000000E1
4.566772691E1,6.499077670E1,2.548416097E1,6.650482333E0,2.411981201E1,1.350000024E0,2.562999878E2,3.693845471E-1,3.790092468E0,3.198840618E0,3.700000000E1
4.666779832E1,6.499077059E1,2.548413006E1,7.200401857E0,2.466973877E1,1.299999952E0,2.555000000E2,3.708884158E-1,3.790092468E0,3.237290859E0,3.700000000E1
4.766716884E1,6.499076518E1,2.548410074E1,7.201555013E0,2.467089844E1,1.230000019E0,2.583999939E2,3.724186679E-1,3.790092468E0,3.250795126E0,3.700000000E1
4.866735628E1,6.499076246E1,2.548406883E1,7.234814965E0,2.470416260E1,1.100000024E0,2.606000061E2,3.738618072E-1,3.790092468E0,3.132241249E0,3.700000000E1
4.966780305E1,6.499075881E1,2.548403937E1,7.510139634E0,2.497949219E1,1.100000024E0,2.607000122E2,3.753131105E-1,3.790092468E0,3.141776800E0,3.800000000E1
5.066782165E1,6.499075255E1,2.548401228E1,7.777039211E0,2.524639893E1,1.149999976E0,2.460000000E2,3.766998088E-1,3.790092468E0,3.123426437E0,3.800000000E1
5.166730415E1,6.499074570E1,2.548398763E1,7.262932525E0,2.473229980E1,1.169999957E0,2.506000061E2,3.779311340E-1,3.790092468E0,3.065356970E0,3.800000000E1
5.266729691E1,6.499074115E1,2.548396375E1,7.279650725E0,2.474902344E1,1.110000014E0,2.528000031E2,3.791185144E-1,3.790092468E0,3.010059834E0,3.800000000E1
5.366756321E1,6.499073558E1,2.548394220E1,6.583050253E0,2.405242920E1,1.080000043E0,2.506000061E2,3.802634650E-1,3.790092468E0,2.999869347E0,3.800000000E1
5.466756331E1,6.499073079E1,2.548392064E1,5.892981252E0,2.336236572E1,1.070000052E0,2.622000122E2,3.813021151E-1,3.790092468E0,2.936644316E0,3.700000000E1
5.566770165E1,6.499072781E1,2.548389970E1,6.032869983E0,2.350225830E1,1.039999962E0,2.548000031E2,3.823955737E-1,3.790092468E0,2.942748785E0,3.300000000E1
5.666718836E1,6.499072530E1,2.548387721E1,5.772551538E0,2.324194336E1,1.059999943E0,2.562000122E2,3.834920795E-1,3.790092468E0,3.013781071E0,3.100000000E1
5.766718123E1,6.499072186E1,2.548385535E1,5.641199567E0,2.311059570E1,1.059999943E0,2.498999939E2,3.849240893E-1,3.790092468E0,2.827753782E0,3.100000000E1
5.866725805E1,6.499071529E1,2.548382915E1,5.326861119E0,2.279626465E1,1.049999952E0,2.546999969E2,3.862628558E-1,3.790092468E0,2.828151941E0,3.100000000E1
5.966776300E1,6.499070852E1,2.548380560E1,4.818797047E0,2.228820801E1,1.090000033E0,2.491000061E2,3.874557714E-1,3.790092468E0,2.883030653E0,3.200000000E1
6.066738727E1,6.499070324E1,2.548378351E1,5.067631381E0,2.253704834E1,1.090000033E0,2.501999969E2,3.885542780E-1,3.790092468E0,2.908120871E0,3.200000000E1
6.166695029E1,6.499069860E1,2.548376288E1,5.543883368E0,2.301330566E1,1.080000043E0,2.445000000E2,3.887200377E-1,3.790092468E0,3.006525993E0,3.200000000E1
6.266719607E1,6.499069723E1,2.548376149E1,5.644529021E0,2.311395264E1,0.000000000E0,NaN,3.887685992E-1,3.790092468E0,3.072501659E0,3.200000000E1
6.366736201E1,6.499069749E1,2.548376232E1,5.676755865E0,2.314617920E1,0.000000000E0,NaN,3.888573620E-1,3.790092468E0,3.206289291E0,3.400000000E1
6.466688477E1,6.499069780E1,2.548376406E1,5.676328995E0,2.314575195E1,0.000000000E0,NaN,3.888781482E-1,3.790092468E0,3.297871351E0,3.400000000E1
6.566708472E1,6.499069787E1,2.548376447E1,5.679808085E0,2.314923096E1,0.000000000E0,NaN,3.891576297E-1,3.790092468E0,3.425909519E0,3.200000000E1
6.666725430E1,6.499069538E1,2.548376366E1,5.770992303E0,2.324041748E1,2.599999905E-1,2.572999878E2,3.897971576E-1,3.790092468E0,3.293058157E0,3.200000000E1
6.766726029E1,6.499069254E1,2.548375183E1,5.873467107E0,2.334289551E1,4.099999964E-1,2.548000031E2,3.908230985E-1,3.790092468E0,3.154367685E0,3.400000000E1
6.866775315E1,6.499068941E1,2.548373130E1,5.793873303E0,2.326330566E1,8.799999952E-1,2.592999878E2,3.921862975E-1,3.790092468E0,3.003267050E0,3.700000000E1
6.966745987E1,6.499068581E1,2.548370358E1,6.367293818E0,2.383673096E1,9.700000286E-1,2.558999939E2,3.936277545E-1,3.790092468E0,2.879994631E0,3.700000000E1
7.066725195E1,6.499068257E1,2.548367389E1,6.468424514E0,2.393786621E1,1.220000029E0,2.577999878E2,3.951530371E-1,3.790092468E0,2.936331511E0,3.800000000E1
7.166725419E1,6.499068157E1,2.548364153E1,5.941932587E0,2.341137695E1,1.070000052E0,2.628999939E2,3.964515170E-1,3.790092468E0,2.959926605E0,3.800000000E1
7.266709581E1,6.499068144E1,2.548361391E1,4.913488584E0,2.238293457E1,1.139999986E0,2.642999878E2,3.977183317E-1,3.790092468E0,3.115305424E0,3.900000000E1
7.366769117E1,6.499067815E1,2.548358811E1,4.937165833E0,2.240661621E1,1.200000048E0,2.505000000E2,3.988717861E-1,3.790092468E0,3.187820673E0,3.800000000E1
7.466694487E1,6.499067495E1,2.548356477E1,5.130521032E0,2.259997559E1,1.139999986E0,2.471999969E2,4.000018606E-1,3.790092468E0,3.298196077E0,3.700000000E1
7.566710810E1,6.499067178E1,2.548354193E1,5.220604801E0,2.269006348E1,1.129999995E0,2.523999939E2,4.012249884E-1,3.790092468E0,3.474220991E0,3.700000000E1
7.666738815E1,6.499066840E1,2.548351717E1,4.986713666E0,2.245617676E1,1.149999976E0,2.526000061E2,4.022668044E-1,3.790092468E0,3.421222925E0,3.700000000E1
7.766780158E1,6.499066483E1,2.548349668E1,5.230972005E0,2.270043945E1,1.190000057E0,2.490000000E2,4.032643889E-1,3.790092468E0,3.180063963E0,3.700000000E1
7.866689804E1,6.499066100E1,2.548347749E1,5.093516311E0,2.256298828E1,1.289999962E0,2.612000122E2,4.042810628E-1,3.790092468E0,2.893624306E0,3.500000000E1
7.966756747E1,6.499065557E1,2.548346009E1,5.138249203E0,2.260772705E1,1.320000052E0,2.506999969E2,4.054904156E-1,3.790092468E0,2.715973377E0,3.600000000E1
8.066734356E1,6.499065129E1,2.548343644E1,5.363768932E0,2.283325195E1,1.350000024E0,2.526999969E2,4.066377498E-1,3.790092468E0,2.500000000E0,3.800000000E1
8.166742721E1,6.499064684E1,2.548341442E1,5.475763206E0,2.294525146E1,1.399999976E0,2.513999939E2,4.078632856E-1,3.790092468E0,2.500000000E0,3.800000000E1
8.266752403E1,6.499064272E1,2.548339024E1,5.502796724E0,2.297229004E1,1.429999948E0,2.538999939E2,4.090614089E-1,3.790092468E0,2.500000000E0,3.800000000E1
8.366756820E1,6.499063907E1,2.548336626E1,6.069137320E0,2.353863525E1,1.389999986E0,2.518999939E2,4.102343537E-1,3.790092468E0,2.500000000E0,3.800000000E1
8.466756768E1,6.499063522E1,2.548334303E1,6.089762444E0,2.355926514E1,1.379999995E0,2.545000000E2,4.116521792E-1,3.790092468E0,2.500000000E0,3.800000000E1
8.566702033E1,6.499063232E1,2.548331366E1,6.483618077E0,2.395312500E1,1.429999948E0,2.570000000E2,4.129004485E-1,3.790092468E0,2.500000000E0,3.800000000E1
8.666755273E1,6.499063052E1,2.548328745E1,6.420626736E0,2.389013672E1,1.419999957E0,2.553000031E2,4.141457664E-1,3.790092468E0,2.500000000E0,3.800000000E1
8.766739986E1,6.499062678E1,2.548326248E1,6.730802646E0,2.420031738E1,1.419999957E0,2.516999969E2,4.155196682E-1,3.790092468E0,2.500000000E0,3.800000000E1
8.866711866E1,6.499062255E1,2.548323502E1,6.441246531E0,2.391076660E1,1.480000019E0,2.530000000E2,4.168847313E-1,3.790092468E0,2.500000000E0,3.800000000E1
8.966743757E1,6.499061839E1,2.548320770E1,6.598101620E0,2.406762695E1,1.509999990E0,2.567000122E2,4.182638678E-1,3.790092468E0,2.500000000E0,3.800000000E1
9.066774366E1,6.499061484E1,2.548317959E1,6.657667181E0,2.412719727E1,1.509999990E0,2.521999969E2,4.196769545E-1,3.790092468E0,2.500000000E0,3.800000000E1
9.166696090E1,6.499061184E1,2.548315038E1,6.599313260E0,2.406884766E1,1.539999962E0,2.548000031E2,4.210236621E-1,3.790092468E0,2.500000000E0,3.800000000E1
9.266699033E1,6.499060895E1,2.548312256E1,6.709233440E0,2.417877197E1,1.480000019E0,2.573999939E2,4.225457716E-1,3.790092468E0,2.500000000E0,3.700000000E1
9.366773658E1,6.499060397E1,2.548309240E1,6.978514389E0,2.444805908E1,1.559999943E0,2.561000061E2,4.239675792E-1,3.790092468E0,2.500000000E0,3.600000000E1
9.466755413E1,6.499060053E1,2.548306327E1,7.242242593E0,2.471179199E1,1.500000000E0,2.592999878E2,4.253191179E-1,3.790092468E0,2.500000000E0,2.200000000E1
9.566712460E1,6.499059763E1,2.548303535E1,7.249745766E0,2.471929932E1,1.460000038E0,2.608999939E2,4.266954047E-1,3.790092468E0,2.500000000E0,2.200000000E1
9.666706793E1,6.499059701E1,2.548300611E1,7.329089317E0,2.479864502E1,1.440000057E0,2.662999878E2,4.281231151E-1,3.790092468E0,2.500000000E0,2.100000000E1
9.766698387E1,6.499059735E1,2.548297575E1,7.510972741E0,2.498052979E1,1.529999971E0,2.717000122E2,4.294914777E-1,3.790092468E0,2.500000000E0,1.900000000E1
9.866695616E1,6.499059841E1,2.548294675E1,7.724656209E0,2.519421387E1,1.440000057E0,2.772000122E2,4.309249501E-1,3.790092468E0,2.500000000E0,1.900000000E1
9.966784746E1,6.499060060E1,2.548291670E1,7.771775704E0,2.524133301E1,1.450000048E0,2.781000061E2,4.323522203E-1,3.790092468E0,2.500000000E0,2.000000000E1
1.006669463E2,6.499060095E1,2.548288635E1,7.916305622E0,2.538586426E1,1.350000024E0,2.761000061E2,4.336838689E-1,3.790092468E0,2.500000000E0,2.200000000E1
1.016671358E2,6.499060122E1,2.548285803E1,8.100630500E0,2.557019043E1,1.340000033E0,2.762000122E2,4.349460354E-1,3.790092468E0,2.500000000E0,2.200000000E1
1.026673132E2,6.499060317E1,2.548283158E1,8.299361301E0,2.576892090E1,1.330000043E0,2.792000122E2,4.362999964E-1,3.790092468E0,2.500000000E0,2.200000000E1
1.036674604E2,6.499060727E1,2.548280446E1,8.224168235E0,2.569372559E1,1.279999971E0,2.852999878E2,4.375735840E-1,3.790092468E0,2.500000000E0,2.200000000E1
1.046677093E2,6.499061012E1,2.548277822E1,7.938097618E0,2.540765381E1,1.240000010E0,2.822000122E2,4.388862214E-1,3.790092468E0,2.500000000E0,2.200000000E1
1.056675550E2,6.499060906E1,2.548275041E1,8.079330496E0,2.554888916E1,1.269999981E0,2.673999939E2,4.402203533E-1,3.790092468E0,2.500000000E0,2.100000000E1
1.066677508E2,6.499060828E1,2.548272209E1,8.128095338E0,2.559765625E1,1.279999971E0,2.670000000E2,4.414518722E-1,3.790092468E0,2.500000000E0,3.600000000E1
1.076677115E2,6.499060854E1,2.548269590E1,8.376629306E0,2.584619141E1,1.240000010E0,2.720000000E2,4.425149064E-1,3.790092468E0,2.500000000E0,3.600000000E1
1.086669004E2,6.499060870E1,2.548267329E1,8.259623828E0,2.572918701E1,1.100000024E0,2.727000122E2,4.435064575E-1,3.790092468E0,2.500000000E0,3.600000000E1
1.096674440E2,6.499060962E1,2.548265231E1,8.465678210E0,2.593524170E1,1.149999976E0,2.742999878E2,4.445951107E-1,3.790092468E0,2.500000000E0,3.600000000E1
1.106676875E2,6.499061145E1,2.548262956E1,8.324565353E0,2.579412842E1,1.149999976E0,2.800000000E2,4.458279203E-1,3.790092468E0,2.500000000E0,3.600000000E1
1.116673280E2,6.499061202E1,2.548260337E1,8.502054680E0,2.597161865E1,1.159999967E0,2.758999939E2,4.470541953E-1,3.790092468E0,2.500000000E0,3.800000000E1
1.126674235E2,6.499061179E1,2.548257729E1,8.454018386E0,2.592358398E1,1.279999971E0,2.692999878E2,4.482788091E-1,3.790092468E0,2.500000000E0,3.800000000E1
1.136678321E2,6.499061416E1,2.548255185E1,8.670205677E0,2.613977051E1,1.250000000E0,2.788999939E2,4.495224994E-1,3.790092468E0,2.500000000E0,3.800000000E1
1.146674508E2,6.499061690E1,2.548252620E1,8.261576398E0,2.573114014E1,1.289999962E0,2.767999878E2,4.507695776E-1,3.790092468E0,2.500000000E0,3.800000000E1
1.156672518E2,6.499061852E1,2.548249995E1,7.959330347E0,2.542889404E1,1.320000052E0,2.707000122E2,4.521649360E-1,3.790092468E0,2.500000000E0,3.800000000E1
1.166675046E2,6.499062250E1,2.548247180E1,7.899823151E0,2.536938477E1,1.419999957E0,2.767999878E2,4.535500947E-1,3.790092468E0,2.500000000E0,3.700000000E1
1.176675350E2,6.499062495E1,2.548244291E1,7.887982983E0,2.535754395E1,1.440000057E0,2.772000122E2,4.548503463E-1,3.790092468E0,2.500000000E0,3.600000000E1
1.186676683E2,6.499062688E1,2.548241563E1,7.411603857E0,2.488116455E1,1.269999981E0,2.812000122E2,4.561642998E-1,3.790092468E0,2.500000000E0,3.600000000E1
1.196674130E2,6.499062679E1,2.548238768E1,7.169536825E0,2.463909912E1,1.340000033E0,2.702000122E2,4.574603515E-1,3.790092468E0,2.500000000E0,3.800000000E1
1.206671909E2,6.499062679E1,2.548236011E1,7.479899096E0,2.494946289E1,1.320000052E0,2.698999939E2,4.587314925E-1,3.790092468E0,2.500000000E0,3.800000000E1
1.216669755E2,6.499062831E1,2.548233331E1,7.747049897E0,2.521661377E1,1.289999962E0,2.780000000E2,4.601279128E-1,3.790092468E0,2.500000000E0,3.900000000E1
1.226676933E2,6.499062871E1,2.548230362E1,7.949685364E0,2.541925049E1,1.220000029E0,2.752000122E2,4.614902175E-1,3.790092468E0,2.500000000E0,3.900000000E1
1.236672490E2,6.499063155E1,2.548227543E1,7.953775763E0,2.542333984E1,1.279999971E0,2.792000122E2,4.630538044E-1,3.790092468E0,2.500000000E0,3.900000000E1
1.246673531E2,6.499063259E1,2.548224226E1,8.709756349E0,2.617932129E1,1.360000014E0,2.762000122E2,4.646431760E-1,3.790092468E0,2.500000000E0,3.900000000E1
1.256671288E2,6.499063511E1,2.548220898E1,8.730813954E0,2.620037842E1,1.370000005E0,2.777999878E2,4.660586658E-1,3.790092468E0,2.500000000E0,3.900000000E1
1.266677441E2,6.499064037E1,2.548218156E1,8.763165868E0,2.623272705E1,1.340000033E0,2.945000000E2,4.674592823E-1,3.790092468E0,2.500000000E0,3.900000000E1
1.276675646E2,6.499064281E1,2.548215233E1,9.062238758E0,2.653179932E1,1.370000005E0,2.788999939E2,4.688328522E-1,3.790092468E0,2.500000000E0,3.900000000E1
1.286678072E2,6.499064838E1,2.548212625E1,9.105333214E0,2.657489014E1,1.350000024E0,2.660000000E2,4.701700988E-1,3.790092468E0,2.500000000E0,3.900000000E1
1.296672902E2,6.499064633E1,2.548209822E1,9.090803462E0,2.656036377E1,1.299999952E0,2.782999878E2,4.714589676E-1,3.790092468E0,2.500000000E0,3.900000000E1
1.306671033E2,6.499064565E1,2.548207085E1,9.228862880E0,2.669842529E1,1.320000052E0,2.742000122E2,4.728769660E-1,3.790092468E0,2.500000000E0,3.800000000E1
1.316668812E2,6.499064604E1,2.548204070E1,9.101298117E0,2.657086182E1,1.440000057E0,2.746000061E2,4.742672131E-1,3.790092468E0,2.500000000E0,3.800000000E1
1.326676623E2,6.499064536E1,2.548201117E1,8.941872066E0,2.641143799E1,1.389999986E0,2.677999878E2,4.754115794E-1,3.790092468E0,2.500000000E0,3.800000000E1
1.336673540E2,6.499064519E1,2.548198683E1,8.950415510E0,2.641998291E1,1.159999967E0,2.695000000E2,4.766090207E-1,3.790092468E0,2.500000000E0,3.800000000E1
1.346677407E2,6.499064746E1,2.548196193E1,8.632178911E0,2.610174561E1,1.120000005E0,3.060000000E2,4.779540151E-1,3.790092468E0,2.500000000E0,3.800000000E1
1.356671580E2,6.499064866E1,2.548193346E1,8.346228744E0,2.581579590E1,1.340000033E0,2.841000061E2,4.793084693E-1,3.790092468E0,2.500000000E0,3.800000000E1
1.366677927E2,6.499064914E1,2.548190467E1,8.433690992E0,2.590325928E1,1.320000052E0,2.741000061E2,4.805552069E-1,3.790092468E0,2.500000000E0,3.800000000E1
1.376678030E2,6.499064990E1,2.548187821E1,8.133336239E0,2.560290527E1,1.259999990E0,2.713999939E2,4.816776884E-1,3.790092468E0,2.500000000E0,3.900000000E1
1.386673023E2,6.499064787E1,2.548185482E1,8.129487910E0,2.559906006E1,1.230000019E0,2.637999878E2,4.825442125E-1,3.790092468E0,2.500000000E0,3.900000000E1
1.396677065E2,6.499064801E1,2.548183639E1,8.248932835E0,2.571850586E1,8.799999952E-1,2.797999878E2,4.846710173E-1,3.790092468E0,2.500000000E0,3.900000000E1
1.406673216E2,6.499063460E1,2.548180413E1,8.427141573E0,2.589672852E1,2.220000029E0,2.238999939E2,4.857862488E-1,3.790092468E0,2.500000000E0,3.900000000E1
1.416668730E2,6.499062868E1,2.548178498E1,8.770213775E0,2.623980713E1,1.110000014E0,2.363000031E2,4.871470678E-1,3.790092468E0,2.500000000E0,3.900000000E1
1.426675607E2,6.499063938E1,2.548179903E1,8.657126100E0,2.612670898E1,0.000000000E0,NaN,4.881387808E-1,3.790092468E0,2.500000000E0,3.800000000E1
1.436674134E2,6.499064741E1,2.548180821E1,8.650297946E0,2.611987305E1,0.000000000E0,NaN,4.883848744E-1,3.790092468E0,2.500000000E0,3.800000000E1
1.446673559E2,6.499064945E1,2.548181024E1,8.648835063E0,2.611840820E1,0.000000000E0,NaN,4.884454716E-1,3.790092468E0,2.500000000E0,3.800000000E1
1.456673254E2,6.499064998E1,2.548181054E1,8.645844838E0,2.611541748E1,0.000000000E0,NaN,4.884612154E-1,3.790092468E0,2.500000000E0,3.800000000E1
1.466677017E2,6.499065012E1,2.548181049E1,8.641755606E0,2.611132812E1,0.000000000E0,NaN,4.884685938E-1,3.790092468E0,2.500000000E0,3.800000000E1
1.476675662E2,6.499065015E1,2.548181035E1,8.644258067E0,2.611383057E1,0.000000000E0,NaN,4.884794630E-1,3.790092468E0,2.500000000E0,3.800000000E1
1.486677736E2,6.499065016E1,2.548181012E1,8.653657478E0,2.612322998E1,0.000000000E0,NaN,4.884940783E-1,3.790092468E0,2.500000000E0,3.600000000E1
1.496668620E2,6.499065017E1,2.548180981E1,8.665498291E0,2.613507080E1,0.000000000E0,NaN,4.885054082E-1,3.790092468E0,2.500000000E0,3.600000000E1
1.506669067E2,6.499065022E1,2.548180960E1,8.666535922E0,2.613610840E1,0.000000000E0,NaN,4.885114719E-1,3.790092468E0,2.500000000E0,3.700000000E1
1.516672127E2,6.499065024E1,2.548180948E1,8.665254195E0,2.613482666E1,0.000000000E0,NaN,4.885158410E-1,3.790092468E0,2.500000000E0,3.600000000E1
1.526675522E2,6.499065026E1,2.548180940E1,8.661164854E0,2.613073730E1,0.000000000E0,NaN,4.887535215E-1,3.790092468E0,2.500000000E0,3.500000000E1
1.536669635E2,6.499064891E1,2.548181332E1,8.383881128E0,2.585345459E1,2.000000030E-1,1.298999939E2,4.894830010E-1,3.790092468E0,2.500000000E0,3.600000000E1
1.546671481E2,6.499064761E1,2.548182853E1,8.033966225E0,2.550354004E1,6.100000143E-1,1.020999985E2,4.901374469E-1,3.790092468E0,2.500000000E0,3.600000000E1
1.556670526E2,6.499064737E1,2.548184244E1,7.925080045E0,2.539465332E1,2.399999946E-1,9.050000000E1,4.914591371E-1,3.790092468E0,2.500000000E0,3.700000000E1
1.566673454E2,6.499064650E1,2.548187048E1,8.056855683E0,2.552642822E1,9.700000286E-1,9.809999847E1,4.932781275E-1,3.790092468E0,2.500000000E0,3.800000000E1
1.576669494E2,6.499064101E1,2.548190693E1,8.066252099E0,2.553582764E1,1.269999981E0,1.105000000E2,4.949782524E-1,3.790092468E0,2.550289869E0,3.800000000E1
1.586670250E2,6.499063456E1,2.548193972E1,8.789514633E0,2.625909424E1,1.230000019E0,1.134000015E2,4.962087937E-1,3.790092468E0,2.530670881E0,3.800000000E1
1.596674031E2,6.499062979E1,2.548196334E1,8.335532098E0,2.580511475E1,8.399999738E-1,1.096999969E2,4.974471021E-1,3.790092468E0,2.500000000E0,3.900000000E1
1.606669396E2,6.499062357E1,2.548198519E1,8.642595515E0,2.611218262E1,8.700000048E-1,1.240000000E2,4.987369430E-1,3.790092468E0,2.500000000E0,3.900000000E1
1.616678506E2,6.499061401E1,2.548200073E1,8.330087687E0,2.579968262E1,8.999999762E-1,1.466999969E2,4.990754913E-1,3.790092468E0,2.508225679E0,3.900000000E1
1.626675580E2,6.499061127E1,2.548199759E1,8.011115304E0,2.548071289E1,0.000000000E0,NaN,4.991416314E-1,3.790092468E0,2.513913870E0,3.900000000E1
1.636675682E2,6.499061091E1,2.548199647E1,8.008307299E0,2.547790527E1,0.000000000E0,NaN,5.004427028E-1,3.790092468E0,2.549049854E0,3.900000000E1
1.646673788E2,6.499060390E1,2.548201863E1,7.913148336E0,2.538275146E1,1.330000043E0,1.199000015E2,5.006788105E-1,3.790092468E0,2.682061195E0,3.900000000E1
1.656673484E2,6.499060375E1,2.548202364E1,7.909364292E0,2.537896729E1,0.000000000E0,NaN,5.008116373E-1,3.790092468E0,2.500000000E0,3.900000000E1
1.666678313E2,6.499060271E1,2.548202225E1,7.712158683E0,2.518176270E1,0.000000000E0,NaN,5.008830766E-1,3.790092468E0,2.500000000E0,3.900000000E1
1.676678457E2,6.499060230E1,2.548202108E1,7.724121138E0,2.519372559E1,0.000000000E0,NaN,5.009120576E-1,3.790092468E0,2.500000000E0,3.800000000E1
1.686678386E2,6.499060216E1,2.548202056E1,7.721618542E0,2.519122314E1,0.000000000E0,NaN,5.009311442E-1,3.790092468E0,2.500000000E0,3.800000000E1
1.696674228E2,6.499060206E1,2.548202023E1,7.718627710E0,2.518823242E1,0.000000000E0,NaN,5.009393723E-1,3.790092468E0,2.500000000E0,3.800000000E1
1.706675146E2,6.499060203E1,2.548202007E1,7.717284901E0,2.518688965E1,0.000000000E0,NaN,5.012129163E-1,3.790092468E0,2.500000000E0,3.800000000E1
1.716669651E2,6.499059989E1,2.548202294E1,7.635373936E0,2.510498047E1,2.599999905E-1,1.316000061E2,5.013625260E-1,3.790092468E0,2.500000000E0,3.800000000E1
1.726674412E2,6.499059884E1,2.548202095E1,7.636105297E0,2.510571289E1,0.000000000E0,NaN,5.014610049E-1,3.790092468E0,2.500000000E0,3.800000000E1
1.736669779E2,6.499059951E1,2.548201958E1,7.728879268E0,2.519848633E1,0.000000000E0,NaN,5.020713613E-1,3.790092468E0,2.500000000E0,3.900000000E1
1.746674005E2,6.499060345E1,2.548201054E1,7.617859402E0,2.508746338E1,5.000000000E-1,3.161000061E2,5.036028034E-1,3.790092468E0,2.500000000E0,3.900000000E1
1.756669752E2,6.499061225E1,2.548198548E1,7.397407038E0,2.486700439E1,1.159999967E0,2.997000122E2,5.053336440E-1,3.790092468E0,2.500000000E0,3.900000000E1
1.766668747E2,6.499061869E1,2.548195196E1,7.219798753E0,2.468939209E1,1.379999995E0,2.848999939E2,5.066117225E-1,3.790092468E0,2.500000000E0,3.900000000E1
1.776675695E2,6.499062185E1,2.548192582E1,7.172009671E0,2.464160156E1,1.029999971E0,2.797000122E2,5.081362303E-1,3.790092468E0,2.500000000E0,3.900000000E1
1.786678416E2,6.499062659E1,2.548189539E1,7.438858020E0,2.490844727E1,1.070000052E0,2.778999939E2,5.097047365E-1,3.790092468E0,2.500000000E0,3.900000000E1
1.796671643E2,6.499063279E1,2.548186542E1,7.044391799E0,2.451397705E1,8.999999762E-1,2.845000000E2,5.110066062E-1,3.790092468E0,2.500000000E0,3.900000000E1
1.806669673E2,6.499063758E1,2.548184015E1,6.501120845E0,2.397070312E1,9.300000072E-1,2.870000000E2,5.122204315E-1,3.790092468E0,2.500000000E0,3.900000000E1
1.816675640E2,6.499064167E1,2.548181621E1,6.375879112E0,2.384545898E1,9.399999976E-1,2.855000000E2,5.139869975E-1,3.790092468E0,2.654534578E0,3.900000000E1
1.826672728E2,6.499064383E1,2.548177898E1,6.359887836E0,2.382946777E1,9.700000286E-1,2.786000061E2,5.159018497E-1,3.790092468E0,2.547869205E0,3.900000000E1
1.836673638E2,6.499064642E1,2.548173871E1,7.082666315E0,2.455224609E1,1.000000000E0,2.793999939E2,5.176729862E-1,3.790092468E0,2.640665054E0,3.900000000E1
1.846673837E2,6.499064831E1,2.548170130E1,6.615014627E0,2.408459473E1,1.129999995E0,2.801000061E2,5.190165686E-1,3.790092468E0,2.687188625E0,3.900000000E1
1.856678440E2,6.499065148E1,2.548167372E1,5.896998424E0,2.336657715E1,1.080000043E0,2.747000122E2,5.201570263E-1,3.790092468E0,2.732066631E0,3.800000000E1
1.866677353E2,6.499065678E1,2.548165295E1,5.746794582E0,2.321636963E1,1.059999943E0,2.860000000E2,5.211944452E-1,3.790092468E0,2.659938097E0,3.800000000E1
1.876675655E2,6.499066312E1,2.548163676E1,5.619968397E0,2.308953857E1,1.059999943E0,3.043999939E2,5.220329925E-1,3.790092468E0,2.500517607E0,3.800000000E1
1.886671028E2,6.499066903E1,2.548162568E1,5.963295909E0,2.343286133E1,9.300000072E-1,3.151000061E2,5.229616152E-1,3.790092468E0,2.500000000E0,3.700000000E1
1.896677276E2,6.499067678E1,2.548161832E1,5.991989061E0,2.346154785E1,9.900000095E-1,3.311000061E2,5.252984581E-1,3.790092468E0,2.500000000E0,3.600000000E1
1.906676925E2,6.499068065E1,2.548166718E1,7.444876088E0,2.491442871E1,0.000000000E0,NaN,5.268151104E-1,3.790092468E0,2.500000000E0,3.700000000E1
1.916668720E2,6.499068225E1,2.548169922E1,8.491815318E0,2.596136475E1,0.000000000E0,NaN,5.272425935E-1,3.790092468E0,2.500000000E0,3.900000000E1
1.926672494E2,6.499068277E1,2.548170823E1,8.488154171E0,2.595770264E1,0.000000000E0,NaN,5.273811564E-1,3.790092468E0,2.500000000E0,3.900000000E1
1.936678427E2,6.499068294E1,2.548171115E1,8.485041691E0,2.595458984E1,0.000000000E0,NaN,5.278542073E-1,3.790092468E0,2.500000000E0,3.900000000E1
1.946676922E2,6.499068379E1,2.548170129E1,8.331477472E0,2.580102539E1,3.700000048E-1,2.881000061E2,5.289117840E-1,3.790092468E0,2.500000000E0,3.900000000E1
1.956674396E2,6.499068767E1,2.548168075E1,7.957700577E0,2.542724609E1,9.700000286E-1,3.031000061E2,5.300829651E-1,3.790092468E0,2.500000000E0,3.900000000E1
1.966670144E2,6.499069360E1,2.548166016E1,7.966249757E0,2.543579102E1,1.009999990E0,3.051000061E2,5.367786506E-1,3.790092468E0,2.500000000E0,4.000000000E1
1.976675520E2,6.499069807E1,2.548151812E1,5.155149890E0,2.262469482E1,1.230000019E0,3.087999878E2,5.396299709E-1,4.230971813E0,2.500000000E0,4.000000000E1
1.986674979E2,6.499071594E1,2.548147462E1,4.845532381E0,2.231506348E1,1.549999952E0,3.111000061E2,5.415495464E-1,4.056558132E0,2.700496674E0,4.000000000E1
1.996671536E2,6.499072956E1,2.548144953E1,4.625938875E0,2.209545898E1,1.509999990E0,3.185000000E2,5.438977826E-1,3.790092468E0,2.848375082E0,4.000000000E1
2.006672212E2,6.499074440E1,2.548141399E1,3.784763874E0,2.125427246E1,1.529999971E0,3.140000000E2,5.456799554E-1,3.790092468E0,3.114687681E0,3.500000000E1
2.016673517E2,6.499075532E1,2.548138624E1,3.706097950E0,2.117559814E1,1.460000038E0,3.101000061E2,5.469772247E-1,3.790092468E0,3.515167236E0,3.600000000E1
2.026674715E2,6.499076225E1,2.548136404E1,3.885973631E0,2.135546875E1,1.259999990E0,3.147000122E2,5.480015950E-1,3.790092468E0,3.740236521E0,3.600000000E1
2.036673853E2,6.499077016E1,2.548135287E1,3.972405976E0,2.144189453E1,1.169999957E0,3.197000122E2,5.490896988E-1,3.790092468E0,3.855147600E0,3.600000000E1
2.046672940E2,6.499077907E1,2.548134330E1,4.229554648E0,2.169903564E1,1.299999952E0,3.267000122E2,5.501055207E-1,3.790092468E0,3.969187021E0,3.600000000E1
2.056673055E2,6.499078771E1,2.548133628E1,4.346810636E0,2.181628418E1,1.309999943E0,3.266000061E2,5.510982034E-1,3.790092468E0,3.898216248E0,3.600000000E1
2.066673551E2,6.499079560E1,2.548132640E1,4.446426627E0,2.191589355E1,1.289999962E0,3.203999939E2,5.520666166E-1,3.790092468E0,3.824146748E0,3.500000000E1
2.076669153E2,6.499080333E1,2.548131691E1,4.590354018E0,2.205981445E1,1.269999981E0,3.246000061E2,5.530732876E-1,3.790092468E0,3.675282240E0,3.200000000E1
2.086677847E2,6.499081188E1,2.548130987E1,4.486418516E0,2.195587158E1,1.269999981E0,3.285000000E2,5.540915177E-1,3.790092468E0,3.680784702E0,3.100000000E1
2.096671236E2,6.499082018E1,2.548130072E1,4.535192634E0,2.200463867E1,1.230000019E0,3.256000061E2,5.551851013E-1,3.790092468E0,3.741774321E0,3.100000000E1
2.106675686E2,6.499082751E1,2.548128521E1,4.310650096E0,2.178009033E1,1.230000019E0,3.172999878E2,5.563659387E-1,3.790092468E0,3.597230196E0,3.100000000E1
2.116668762E2,6.499083502E1,2.548126745E1,4.494371758E0,2.196380615E1,1.169999957E0,3.147999878E2,5.575211587E-1,3.790092468E0,3.406926870E0,3.100000000E1
2.126675147E2,6.499084316E1,2.548125218E1,4.641106822E0,2.211053467E1,1.149999976E0,3.217999878E2,5.585240768E-1,3.790092468E0,3.327517509E0,3.200000000E1
2.136675001E2,6.499085154E1,2.548124429E1,4.537293190E0,2.200671387E1,1.039999962E0,3.247000122E2,5.602964783E-1,3.790092468E0,3.118343830E0,3.200000000E1
2.146677268E2,6.499086377E1,2.548122011E1,5.731272688E0,2.320068359E1,1.019999981E0,3.235000000E2,5.619886923E-1,3.790092468E0,3.219091892E0,3.300000000E1
2.156671194E2,6.499087646E1,2.548120024E1,6.264058990E0,2.373345947E1,1.000000000E0,3.197000122E2,5.631643161E-1,3.790092468E0,3.234578848E0,3.500000000E1
2.166678405E2,6.499088511E1,2.548118586E1,6.184354134E0,2.365374756E1,9.599999785E-1,3.218999939E2,5.636420069E-1,3.790092468E0,3.356691599E0,3.600000000E1
2.176670286E2,6.499088914E1,2.548118234E1,6.235932304E0,2.370532227E1,9.399999976E-1,3.286000061E2,5.657192697E-1,3.790092468E0,3.118120670E0,3.500000000E1
2.186678077E2,6.499090045E1,2.548121751E1,5.579572406E0,2.304895020E1,2.809999943E0,3.959999847E1,5.660446404E-1,3.790092468E0,3.110251665E0,3.900000000E1
2.196675650E2,6.499090051E1,2.548122443E1,5.649702233E0,2.311907959E1,0.000000000E0,NaN,5.663378472E-1,3.790092468E0,2.939938068E0,3.900000000E1
2.206669493E2,6.499089788E1,2.548122398E1,5.506511347E0,2.297589111E1,0.000000000E0,NaN,5.667283044E-1,3.790092468E0,2.876541376E0,4.000000000E1
2.216671724E2,6.499089437E1,2.548122422E1,5.505897826E0,2.297528076E1,0.000000000E0,NaN,5.668273081E-1,3.790092468E0,2.769092083E0,3.900000000E1
2.226677746E2,6.499089348E1,2.548122428E1,5.507728077E0,2.297711182E1,0.000000000E0,NaN,5.668517755E-1,3.790092468E0,2.710304737E0,3.900000000E1
2.236675032E2,6.499089326E1,2.548122429E1,5.510230319E0,2.297961426E1,0.000000000E0,NaN,5.668575113E-1,3.790092468E0,2.618217468E0,3.900000000E1
2.246674665E2,6.499089321E1,2.548122426E1,5.517127245E0,2.298651123E1,0.000000000E0,NaN,5.668666043E-1,3.790092468E0,2.510662317E0,3.200000000E1
2.256675316E2,6.499089314E1,2.548122436E1,5.520606191E0,2.298999023E1,0.000000000E0,NaN,5.669111497E-1,3.790092468E0,2.711375237E0,3.100000000E1
2.266678069E2,6.499089352E1,2.548122466E1,5.713965927E0,2.318334961E1,0.000000000E0,NaN,5.672782714E-1,3.790092468E0,2.913110495E0,3.800000000E1
2.276677514E2,6.499089670E1,2.548122256E1,5.652140082E0,2.312152100E1,5.600000024E-1,3.397999878E2,5.702266778E-1,3.790092468E0,3.091837883E0,3.900000000E1
2.286674396E2,6.499089668E1,2.548115984E1,5.724402269E0,2.319378662E1,1.039999962E0,3.230000000E2,5.715639931E-1,4.231272697E0,3.081768751E0,3.900000000E1
2.296672189E2,6.499090674E1,2.548114425E1,6.174056536E0,2.364343262E1,1.279999971E0,3.247999878E2,5.729378389E-1,4.004726887E0,2.989967346E0,3.900000000E1
2.306678467E2,6.499091800E1,2.548115628E1,4.916315936E0,2.238568115E1,8.299999833E-1,3.182000122E2,5.746308970E-1,3.790092468E0,3.363985300E0,3.900000000E1
2.316669001E2,6.499093186E1,2.548114137E1,4.704962944E0,2.217431641E1,1.519999981E0,3.190000000E2,5.764352001E-1,3.790092468E0,3.622192860E0,3.400000000E1
2.326669753E2,6.499094395E1,2.548111577E1,4.536942723E0,2.200628662E1,1.419999957E0,3.190000000E2,5.788152918E-1,3.798670530E0,3.894186020E0,3.400000000E1
2.336672081E2,6.499096088E1,2.548108479E1,4.547942711E0,2.201727295E1,1.460000038E0,3.347999878E2,5.804077513E-1,3.790092468E0,3.906088114E0,3.400000000E1
2.346673462E2,6.499097315E1,2.548106732E1,4.492716065E0,2.196203613E1,1.460000038E0,3.380000000E2,5.819404052E-1,3.790092468E0,3.793763161E0,3.400000000E1
2.356673422E2,6.499098559E1,2.548105328E1,4.771840347E0,2.224114990E1,1.559999943E0,3.346000061E2,5.834706938E-1,3.790092468E0,3.483852863E0,3.400000000E1
2.366673886E2,6.499099808E1,2.548103961E1,5.127380709E0,2.259667969E1,1.490000010E0,3.347999878E2,5.847258466E-1,3.790092468E0,3.301933765E0,3.400000000E1
2.376671913E2,6.499100809E1,2.548102727E1,5.130257763E0,2.259954834E1,1.399999976E0,3.311000061E2,5.860360056E-1,3.790092468E0,3.104689598E0,3.400000000E1
2.386672112E2,6.499101588E1,2.548100636E1,5.186538098E0,2.265582275E1,1.289999962E0,3.180000000E2,5.873541240E-1,3.790092468E0,2.992456675E0,3.400000000E1
2.396668759E2,6.499102263E1,2.548098331E1,5.029316396E0,2.249859619E1,1.240000010E0,3.178999939E2,5.886577997E-1,3.790092468E0,2.782007933E0,3.300000000E1
2.406669166E2,6.499103188E1,2.548096627E1,5.187221801E0,2.265649414E1,1.259999990E0,3.302999878E2,5.899980163E-1,3.790092468E0,2.500000000E0,3.300000000E1
2.416673904E2,6.499104325E1,2.548095681E1,5.614111475E0,2.308337402E1,1.330000043E0,3.432999878E2,5.913543923E-1,3.790092468E0,2.500000000E0,3.300000000E1
2.426677423E2,6.499105525E1,2.548095163E1,5.702439942E0,2.317169189E1,1.340000033E0,3.478999939E2,5.927513789E-1,3.790092468E0,2.500000000E0,3.300000000E1
2.436673875E2,6.499106739E1,2.548094398E1,5.777096525E0,2.324633789E1,1.320000052E0,3.432999878E2,5.939744892E-1,3.790092468E0,2.500000000E0,3.300000000E1
2.446668708E2,6.499107772E1,2.548093504E1,5.486517023E0,2.295574951E1,1.210000038E0,3.365000000E2,5.949414112E-1,3.790092468E0,2.500000000E0,3.300000000E1
2.456675534E2,6.499108503E1,2.548092390E1,5.599865326E0,2.306909180E1,1.029999971E0,3.295000000E2,5.958930904E-1,3.790092468E0,2.500000000E0,3.200000000E1
2.466668883E2,6.499109343E1,2.548092002E1,7.461261889E0,2.493048096E1,1.139999986E0,3.482000122E2,5.967082300E-1,3.790092468E0,2.500000000E0,3.400000000E1
2.476677829E2,6.499108630E1,2.548092405E1,6.083692169E0,2.355291748E1,0.000000000E0,NaN,5.969679545E-1,3.790092468E0,2.500000000E0,3.600000000E1
2.486671228E2,6.499108402E1,2.548092525E1,6.079539777E0,2.354876709E1,0.000000000E0,NaN,5.977218950E-1,3.790092468E0,2.500000000E0,3.700000000E1
2.496675091E2,6.499109060E1,2.548092138E1,6.302140746E0,2.377136230E1,6.999999881E-1,3.480000000E2,5.989249090E-1,3.790092468E0,2.500000000E0,3.700000000E1
2.506668719E2,6.499110138E1,2.548091921E1,6.590358408E0,2.405957031E1,1.129999995E0,3.508999939E2,6.003828905E-1,3.790092468E0,2.500000000E0,3.700000000E1
2.516671934E2,6.499111403E1,2.548091105E1,6.636695113E0,2.410589600E1,1.509999990E0,3.411000061E2,6.015283395E-1,3.790092468E0,2.500000000E0,3.700000000E1
2.526673535E2,6.499112399E1,2.548090483E1,6.315353704E0,2.378454590E1,1.120000005E0,3.386000061E2,6.031174926E-1,3.790092468E0,2.500000000E0,3.700000000E1
2.536671810E2,6.499113806E1,2.548089890E1,6.581296311E0,2.405047607E1,1.350000024E0,3.428999939E2,6.045768034E-1,3.790092468E0,2.500000000E0,3.700000000E1
2.546675357E2,6.499115084E1,2.548089184E1,6.610726456E0,2.407989502E1,1.350000024E0,3.455000000E2,6.060177985E-1,3.790092468E0,2.500000000E0,3.800000000E1
2.556677338E2,6.499116354E1,2.548088574E1,6.301655604E0,2.377081299E1,1.269999981E0,3.358999939E2,6.074909370E-1,3.790092468E0,2.500000000E0,3.700000000E1
2.566671531E2,6.499117591E1,2.548087452E1,6.130157415E0,2.359930420E1,1.320000052E0,3.336000061E2,6.090365707E-1,3.790092468E0,2.500000000E0,3.400000000E1
2.576670808E2,6.499118947E1,2.548086729E1,6.244854370E0,2.371398926E1,1.389999986E0,3.432000122E2,6.104764193E-1,3.790092468E0,2.500000000E0,3.400000000E1
2.586670013E2,6.499120203E1,2.548085984E1,6.388786247E0,2.385791016E1,1.320000052E0,3.448999939E2,6.117458513E-1,3.790092468E0,2.500000000E0,3.300000000E1
2.596670385E2,6.499121304E1,2.548085270E1,6.582582458E0,2.405169678E1,1.179999948E0,3.470000000E2,6.130489422E-1,3.790092468E0,2.500000000E0,3.200000000E1
2.606678114E2,6.499122464E1,2.548084876E1,6.806469711E0,2.427557373E1,1.210000038E0,3.567000122E2,6.141969190E-1,3.790092468E0,2.500000000E0,3.200000000E1
2.616670414E2,6.499123464E1,2.548085483E1,7.084921491E0,2.455401611E1,1.220000029E0,1.700000000E1,6.149792570E-1,3.790092468E0,2.500000000E0,2.900000000E1
2.626675621E2,6.499122785E1,2.548085919E1,5.748245653E0,2.321734619E1,0.000000000E0,NaN,6.157641105E-1,3.790092468E0,2.500000000E0,2.900000000E1
2.636677892E2,6.499123464E1,2.548086375E1,5.689108991E0,2.315820312E1,1.100000024E0,7.900000095E0,6.163644728E-1,3.790092468E0,2.500000000E0,3.300000000E1
2.646672588E2,6.499123999E1,2.548086547E1,5.506374677E0,2.297546387E1,6.700000167E-1,3.446000061E2,6.171557084E-1,3.790092468E0,2.500000000E0,3.400000000E1
2.656670377E2,6.499124630E1,2.548085769E1,5.367280851E0,2.283636475E1,9.300000072E-1,3.352000122E2,6.186258341E-1,3.790092468E0,2.500000000E0,3.500000000E1
2.666678018E2,6.499125824E1,2.548087112E1,5.603437429E0,2.307250977E1,1.139999986E0,3.445000000E2,6.197630009E-1,3.790092468E0,2.500000000E0,3.700000000E1
2.676675184E2,6.499126843E1,2.548087317E1,5.829337892E0,2.329840088E1,1.029999971E0,3.492999878E2,6.209547212E-1,3.790092468E0,2.500000000E0,3.700000000E1
2.686677949E2,6.499127905E1,2.548087658E1,5.627687550E0,2.309674072E1,1.080000043E0,1.000000000E1,6.218599355E-1,3.790092468E0,2.500000000E0,3.700000000E1
2.696677039E2,6.499128603E1,2.548088649E1,5.006966881E0,2.247601318E1,1.029999971E0,2.270000076E1,6.225009647E-1,3.790092468E0,2.500000000E0,3.700000000E1
2.706670336E2,6.499128042E1,2.548088963E1,4.152774956E0,2.162182617E1,0.000000000E0,NaN,6.233104200E-1,3.790092468E0,2.500000000E0,3.800000000E1
2.716674032E2,6.499127639E1,2.548090397E1,4.753235955E0,2.222229004E1,0.000000000E0,NaN,6.235575473E-1,3.790092468E0,2.500000000E0,3.800000000E1
2.726672082E2,6.499127520E1,2.548090841E1,4.734863537E0,2.220391846E1,0.000000000E0,NaN,6.236498280E-1,3.790092468E0,2.500000000E0,3.800000000E1
2.736675179E2,6.499127480E1,2.548091013E1,4.722534167E0,2.219158936E1,0.000000000E0,NaN,6.238456416E-1,3.790092468E0,2.500000000E0,3.800000000E1
2.746677903E2,6.499127640E1,2.548091187E1,4.071107491E0,2.154016113E1,3.000000119E-1,1.010000038E1,6.246516774E-1,3.790092468E0,2.500000000E0,3.800000000E1
2.756675552E2,6.499128290E1,2.548090428E1,3.613166190E0,2.108221436E1,7.599999905E-1,3.366000061E2,6.295096342E-1,3.790092468E0,2.500000000E0,3.600000000E1
2.766674298E2,6.499126818E1,2.548080698E1,1.963611385E0,1.943267822E1,1.169999957E0,3.468999939E2,6.305593143E-1,3.936908484E0,2.500000000E0,3.800000000E1
2.776668830E2,6.499127762E1,2.548080698E1,1.879940743E0,1.934899902E1,1.080000043E0,3.478999939E2,6.315839403E-1,3.920935869E0,2.500000000E0,3.900000000E1
2.786670539E2,6.499128682E1,2.548080821E1,2.318913993E0,1.978796387E1,9.300000072E-1,3.491000061E2,6.318588180E-1,3.790092468E0,2.500000000E0,3.900000000E1
2.796675676E2,6.499128857E1,2.548081234E1,2.331244908E0,1.980029297E1,3.899999857E-1,3.492000122E2,6.318861601E-1,3.790092468E0,2.500000000E0,3.100000000E1
2.806676984E2,6.499128849E1,2.548081289E1,2.338996330E0,1.980804443E1,0.000000000E0,NaN,6.321519772E-1,3.790092468E0,2.500000000E0,3.400000000E1
2.816673122E2,6.499128665E1,2.548081650E1,1.716619372E0,1.918566895E1,0.000000000E0,NaN,6.325035113E-1,3.790092468E0,2.500000000E0,3.700000000E1
2.826675511E2,6.499128433E1,2.548082158E1,1.242801629E0,1.871185303E1,0.000000000E0,NaN,6.328002155E-1,3.790092468E0,2.500000000E0,3.700000000E1
2.836675557E2,6.499128196E1,2.548082448E1,8.723162408E-1,1.834136963E1,0.000000000E0,NaN,6.330363754E-1,3.790092468E0,2.500000000E0,3.700000000E1
2.846673096E2,6.499128047E1,2.548082806E1,6.531988752E-1,1.812225342E1,0.000000000E0,NaN,6.334366218E-1,3.790092468E0,2.500000000E0,3.800000000E1
2.856669610E2,6.499127958E1,2.548083631E1,3.379519382E-1,1.780700684E1,2.599999905E-1,3.492000122E2,6.338767051E-1,3.790092468E0,2.500000000E0,3.800000000E1
2.866676991E2,6.499127985E1,2.548084565E1,5.581675383E-1,1.802722168E1,4.300000072E-1,3.492000122E2,6.342294705E-1,3.790092468E0,2.500000000E0,3.700000000E1
2.876678312E2,6.499127735E1,2.548085027E1,6.198720680E-1,1.808892822E1,0.000000000E0,NaN,6.344141251E-1,3.790092468E0,2.500000000E0,3.700000000E1
2.886673092E2,6.499127578E1,2.548085155E1,4.763770625E-1,1.794543457E1,3.899999857E-1,3.492000122E2,6.346539216E-1,3.790092468E0,2.500000000E0,3.700000000E1
2.896669215E2,6.499127505E1,2.548084675E1,3.647428371E-1,1.783380127E1,0.000000000E0,NaN,6.348223908E-1,3.790092468E0,2.500000000E0,3.800000000E1
2.906673578E2,6.499127443E1,2.548084348E1,5.621297913E-1,1.803118896E1,0.000000000E0,NaN,6.352276177E-1,3.790092468E0,2.500000000E0,3.800000000E1
2.916675372E2,6.499127768E1,2.548083958E1,7.593981489E-1,1.822845459E1,0.000000000E0,NaN,6.354145090E-1,3.790092468E0,2.500000000E0,3.700000000E1
2.926675592E2,6.499127777E1,2.548083561E1,6.764512357E-1,1.814550781E1,0.000000000E0,NaN,6.355582398E-1,3.790092468E0,2.500000000E0,3.700000000E1
2.936675525E2,6.499127900E1,2.548083467E1,7.654415570E-1,1.823449707E1,0.000000000E0,NaN,6.356923682E-1,3.790092468E0,2.500000000E0,3.600000000E1
2.946678364E2,6.499128020E1,2.548083438E1,1.050171633E0,1.851922607E1,0.000000000E0,NaN,6.357737890E-1,3.790092468E0,2.500000000E0,3.600000000E1
2.956668999E2,6.499128047E1,2.548083277E1,1.348511633E0,1.881756592E1,0.000000000E0,NaN,6.359213557E-1,3.790092468E0,2.500000000E0,3.500000000E1
2.966669136E2,6.499128111E1,2.548083552E1,1.572328282E0,1.904138184E1,0.000000000E0,NaN,6.359989025E-1,3.790092468E0,2.500000000E0,3.500000000E1
2.976669267E2,6.499128061E1,2.548083667E1,1.646302501E0,1.911535645E1,0.000000000E0,NaN,6.360998498E-1,3.790092468E0,2.500000000E0,3.500000000E1
2.986669447E2,6.499127978E1,2.548083754E1,1.694458535E0,1.916351318E1,0.000000000E0,NaN,6.361325861E-1,3.790092468E0,2.500000000E0,3.500000000E1
2.996677917E2,6.499127949E1,2.548083742E1,1.787781019E0,1.925683594E1,0.000000000E0,NaN,6.361526527E-1,3.790092468E0,2.500000000E0,3.400000000E1
3.006675558E2,6.499127958E1,2.548083705E1,1.808533033E0,1.927758789E1,0.000000000E0,NaN,6.365427366E-1,3.790092468E0,2.500000000E0,3.400000000E1
3.016673855E2,6.499128263E1,2.548083295E1,1.820071218E0,1.928912354E1,4.900000095E-1,3.490000000E2,6.376020479E-1,3.790092468E0,2.500000000E0,3.400000000E1
3.026672925E2,6.499129080E1,2.548082136E1,1.674997423E0,1.914404297E1,9.700000286E-1,3.487999878E2,6.388478218E-1,3.790092468E0,2.500000000E0,3.600000000E1
3.036668739E2,6.499130133E1,2.548081231E1,1.777057254E0,1.924609375E1,1.120000005E0,3.423999939E2,6.400139701E-1,3.790092468E0,2.500000000E0,3.700000000E1
3.046668763E2,6.499131139E1,2.548080530E1,2.163906809E0,1.963293457E1,9.399999976E-1,3.432000122E2,6.414139227E-1,3.790092468E0,2.500000000E0,3.700000000E1
3.056674902E2,6.499132341E1,2.548079644E1,2.222266829E0,1.969128418E1,1.320000052E0,3.495000000E2,6.426315318E-1,3.790092468E0,2.500000000E0,3.900000000E1
3.066671349E2,6.499133418E1,2.548079176E1,2.036851531E0,1.950585938E1,9.300000072E-1,3.503999939E2,6.439931308E-1,3.790092468E0,2.500000000E0,3.900000000E1
3.076677455E2,6.499134634E1,2.548078835E1,2.103878968E0,1.957287598E1,1.240000010E0,3.517999878E2,6.455062419E-1,3.790092468E0,2.500000000E0,3.900000000E1
3.086675066E2,6.499135982E1,2.548078395E1,2.261666825E0,1.973065186E1,1.389999986E0,3.476000061E2,6.469113499E-1,3.790092468E0,2.500000000E0,3.900000000E1
3.096674229E2,6.499137226E1,2.548077870E1,2.356099201E0,1.982507324E1,1.309999943E0,3.461000061E2,6.482986136E-1,3.790092468E0,2.500000000E0,3.900000000E1
3.106671278E2,6.499138454E1,2.548077349E1,2.447784851E0,1.991674805E1,1.299999952E0,3.480000000E2,6.496611765E-1,3.790092468E0,2.500000000E0,3.900000000E1
3.116676931E2,6.499139670E1,2.548076991E1,2.611675072E0,2.008062744E1,1.320000052E0,3.490000000E2,6.511052402E-1,3.790092468E0,2.500000000E0,3.800000000E1
3.126673914E2,6.499140948E1,2.548076445E1,2.660941728E0,2.012988281E1,1.379999995E0,3.487000122E2,6.525887975E-1,3.790092468E0,2.500000000E0,3.800000000E1
3.136676445E2,6.499142245E1,2.548075705E1,2.802615677E0,2.027154541E1,1.409999967E0,3.467000122E2,6.541106733E-1,3.790092468E0,2.500000000E0,3.400000000E1
3.146678058E2,6.499143575E1,2.548074941E1,2.608596552E0,2.007751465E1,1.419999957E0,3.470000000E2,6.556441044E-1,3.790092468E0,2.500000000E0,3.400000000E1
3.156671389E2,6.499144925E1,2.548074275E1,2.676357447E0,2.014526367E1,1.470000029E0,3.472000122E2,6.572147834E-1,3.790092468E0,2.500000000E0,3.500000000E1
3.166678021E2,6.499146320E1,2.548073750E1,2.796975272E0,2.026586914E1,1.460000038E0,3.487000122E2,6.587115992E-1,3.790092468E0,2.500000000E0,3.500000000E1
3.176673760E2,6.499147657E1,2.548073380E1,2.714101446E0,2.018298340E1,1.440000057E0,3.465000000E2,6.602457539E-1,3.790092468E0,2.500000000E0,3.400000000E1
3.186669295E2,6.499148991E1,2.548072547E1,2.628724897E0,2.009759521E1,1.480000019E0,3.473999939E2,6.617248360E-1,3.790092468E0,2.500000000E0,3.500000000E1
3.196675335E2,6.499150276E1,2.548071734E1,2.342908462E0,1.981176758E1,1.440000057E0,3.483999939E2,6.633215560E-1,3.790092468E0,2.500000000E0,3.500000000E1
3.206675700E2,6.499151677E1,2.548070989E1,2.327784033E0,1.979663086E1,1.440000057E0,3.502000122E2,6.649592047E-1,3.790092468E0,2.500000000E0,3.400000000E1
3.216675699E2,6.499153103E1,2.548070118E1,2.235084078E0,1.970391846E1,1.529999971E0,3.477000122E2,6.665717416E-1,3.790092468E0,2.500000000E0,3.700000000E1
3.226675506E2,6.499154530E1,2.548069507E1,2.179859861E0,1.964868164E1,1.529999971E0,3.482000122E2,6.681324983E-1,3.790092468E0,2.500000000E0,3.700000000E1
3.236673814E2,6.499155919E1,2.548069029E1,2.140382442E0,1.960919189E1,1.529999971E0,3.505000000E2,6.696182509E-1,3.790092468E0,2.510346413E0,3.600000000E1
3.246675516E2,6.499157207E1,2.548068188E1,2.297192971E0,1.976599121E1,1.509999990E0,3.467000122E2,6.711220784E-1,3.790092468E0,2.516001225E0,3.600000000E1
3.256668787E2,6.499158513E1,2.548067357E1,2.395654059E0,1.986444092E1,1.490000010E0,3.467999878E2,6.726286462E-1,3.790092468E0,2.502582312E0,3.600000000E1
3.266674647E2,6.499159825E1,2.548066557E1,2.516698226E0,1.998547363E1,1.519999981E0,3.496000061E2,6.745028690E-1,3.790092468E0,2.509034872E0,3.600000000E1
3.276671335E2,6.499161494E1,2.548066000E1,1.919178868E0,1.938793945E1,1.470000029E0,3.531000061E2,6.761986477E-1,3.790092468E0,2.500000000E0,3.300000000E1
3.286669702E2,6.499163003E1,2.548065478E1,1.949831907E0,1.941857910E1,1.519999981E0,3.478999939E2,6.778249540E-1,3.790092468E0,2.500000000E0,3.500000000E1
3.296675537E2,6.499164424E1,2.548064659E1,1.855300880E0,1.932403564E1,1.549999952E0,3.443999939E2,6.794404336E-1,3.790092468E0,2.500000000E0,3.400000000E1
3.306676992E2,6.499165819E1,2.548063699E1,1.927639656E0,1.939636230E1,1.539999962E0,3.447000122E2,6.809498938E-1,3.790092468E0,2.500000000E0,3.400000000E1
3.316678098E2,6.499167125E1,2.548062823E1,2.221596324E0,1.969030762E1,1.529999971E0,3.473999939E2,6.825648580E-1,3.790092468E0,2.500000000E0,3.400000000E1
3.326673007E2,6.499168543E1,2.548062080E1,2.601247440E0,2.006994629E1,1.509999990E0,3.462000122E2,6.839984455E-1,3.790092468E0,2.500000000E0,3.500000000E1
3.336677247E2,6.499169803E1,2.548061434E1,2.776856649E0,2.024554443E1,1.460000038E0,3.458999939E2,6.854321605E-1,3.790092468E0,2.500000000E0,3.500000000E1
3.346677734E2,6.499171071E1,2.548060881E1,2.969433755E0,2.043811035E1,1.500000000E0,3.485000000E2,6.868981578E-1,3.790092468E0,2.500000000E0,3.100000000E1
3.356674054E2,6.499172379E1,2.548060490E1,3.165856528E0,2.063452148E1,1.519999981E0,3.503999939E2,6.887661959E-1,3.790092468E0,2.500000000E0,3.200000000E1
3.366670804E2,6.499174033E1,2.548059794E1,3.841774457E0,2.131042480E1,1.500000000E0,3.472999878E2,6.908139768E-1,3.790092468E0,2.500000000E0,3.400000000E1
3.376677557E2,6.499175844E1,2.548059003E1,4.477593658E0,2.194622803E1,1.389999986E0,3.482999878E2,6.926102479E-1,3.790092468E0,2.734238625E0,3.700000000E1
3.386669674E2,6.499177417E1,2.548058133E1,4.715705581E0,2.218432617E1,1.460000038E0,3.482000122E2,6.942035726E-1,3.790092468E0,2.967374802E0,3.700000000E1
3.396675558E2,6.499178786E1,2.548057132E1,5.014240386E0,2.248284912E1,1.419999957E0,3.457999878E2,6.957428923E-1,3.790092468E0,3.125369787E0,3.700000000E1
3.406672316E2,6.499180127E1,2.548056319E1,5.123871233E0,2.259246826E1,1.440000057E0,3.467999878E2,6.972273255E-1,3.790092468E0,3.256855726E0,3.700000000E1
3.416670928E2,6.499181436E1,2.548055699E1,4.983807072E0,2.245239258E1,1.429999948E0,3.502999878E2,6.987863694E-1,3.790092468E0,3.447380543E0,3.600000000E1
3.426673447E2,6.499182825E1,2.548055247E1,5.297357010E0,2.276593018E1,1.470000029E0,3.545000000E2,7.003182532E-1,3.790092468E0,3.582968473E0,3.600000000E1
3.436670490E2,6.499184197E1,2.548055542E1,5.511358865E0,2.297991943E1,1.500000000E0,8.600000381E0,7.018084207E-1,3.790092468E0,3.794653177E0,3.500000000E1
3.446675641E2,6.499185334E1,2.548057220E1,5.600237282E0,2.306878662E1,1.549999952E0,3.340000153E1,7.032588785E-1,3.790092468E0,3.596549749E0,3.100000000E1
3.456678518E2,6.499185743E1,2.548060150E1,5.213890065E0,2.268243408E1,1.470000029E0,4.850000000E1,7.048429630E-1,3.790092468E0,3.217213631E0,3.300000000E1
3.466673478E2,6.499186152E1,2.548063378E1,4.934476606E0,2.240301514E1,1.460000038E0,5.929999924E1,7.063400624E-1,3.790092468E0,3.120050430E0,3.500000000E1
3.476673533E2,6.499186725E1,2.548066260E1,4.529148915E0,2.199768066E1,1.450000048E0,6.430000305E1,7.078450784E-1,3.790092468E0,3.225877285E0,3.600000000E1
3.486671089E2,6.499187156E1,2.548069295E1,4.130228714E0,2.159875488E1,1.440000057E0,7.100000000E1,7.093173220E-1,3.790092468E0,3.268011570E0,3.700000000E1
3.496673501E2,6.499187566E1,2.548072273E1,4.090683290E0,2.155920410E1,1.460000038E0,6.830000305E1,7.108087370E-1,3.790092468E0,3.138666391E0,3.800000000E1
3.506670441E2,6.499188260E1,2.548074988E1,4.008598793E0,2.147711182E1,1.529999971E0,5.159999847E1,7.122372533E-1,3.790092468E0,2.976440430E0,3.800000000E1
3.516673552E2,6.499189073E1,2.548077341E1,3.902894569E0,2.137139893E1,1.470000029E0,4.909999847E1,7.140081282E-1,3.790092468E0,2.823583364E0,3.800000000E1
3.526668813E2,6.499190145E1,2.548080127E1,4.262036682E0,2.173052979E1,1.460000038E0,3.959999847E1,7.156076266E-1,3.790092468E0,2.709219456E0,3.900000000E1
3.536674829E2,6.499191301E1,2.548082152E1,5.375329527E0,2.284381104E1,1.440000057E0,3.400000000E1,7.172213407E-1,3.790092468E0,2.649587631E0,4.000000000E1
3.546670986E2,6.499192554E1,2.548083884E1,5.967626997E0,2.343609619E1,1.409999967E0,3.479999924E1,7.187950397E-1,3.790092468E0,2.610016108E0,3.900000000E1
3.556671098E2,6.499193844E1,2.548085261E1,5.969958787E0,2.343841553E1,1.440000057E0,3.160000038E1,7.204568006E-1,3.790092468E0,2.671669245E0,4.000000000E1
3.566675515E2,6.499195158E1,2.548086945E1,6.581177682E0,2.404962158E1,1.419999957E0,2.800000000E1,7.219539875E-1,3.790092468E0,2.631582737E0,4.000000000E1
3.576672286E2,6.499196216E1,2.548088915E1,6.611217657E0,2.407965088E1,1.429999948E0,3.720000076E1,7.234184048E-1,3.790092468E0,2.631860495E0,3.900000000E1
3.586675536E2,6.499197122E1,2.548091176E1,6.601583563E0,2.407000732E1,1.450000048E0,3.950000000E1,7.248864570E-1,3.790092468E0,2.691838980E0,3.900000000E1
3.596673050E2,6.499197903E1,2.548093694E1,6.611479728E0,2.407989502E1,1.409999967E0,4.270000076E1,7.263735318E-1,3.790092468E0,2.649293423E0,3.900000000E1
3.606674941E2,6.499198785E1,2.548096072E1,6.608864525E0,2.407727051E1,1.519999981E0,4.259999847E1,7.277049198E-1,3.790092468E0,2.628541231E0,3.900000000E1
3.616671339E2,6.499199629E1,2.548098081E1,6.704088129E0,2.417248535E1,1.389999986E0,3.840000153E1,7.289826142E-1,3.790092468E0,2.627723694E0,3.800000000E1
3.626670916E2,6.499200384E1,2.548100130E1,6.773309972E0,2.424169922E1,1.370000005E0,4.090000153E1,7.303185484E-1,3.790092468E0,2.625597239E0,3.800000000E1
3.636673535E2,6.499201285E1,2.548102010E1,7.071720057E0,2.454010010E1,1.429999948E0,4.459999847E1,7.316518701E-1,3.790092468E0,2.613272190E0,3.200000000E1
3.646669836E2,6.499202226E1,2.548103768E1,7.419629950E0,2.488800049E1,1.200000048E0,3.440000153E1,7.330238139E-1,3.790092468E0,2.600637197E0,3.200000000E1
3.656670547E2,6.499203228E1,2.548105471E1,7.333580404E0,2.480194092E1,1.309999943E0,3.600000000E1,7.346802497E-1,3.790092468E0,2.671652794E0,3.700000000E1
3.666672613E2,6.499204391E1,2.548107673E1,7.438816774E0,2.490716553E1,1.289999962E0,4.420000076E1,7.362027495E-1,3.790092468E0,2.596127510E0,3.700000000E1
3.676669566E2,6.499205548E1,2.548109405E1,7.562607517E0,2.503094482E1,1.399999976E0,3.300000000E1,7.376546861E-1,3.790092468E0,2.617859840E0,3.900000000E1
3.686678195E2,6.499206713E1,2.548110800E1,7.795284866E0,2.526361084E1,1.370000005E0,2.860000038E1,7.389311617E-1,3.790092468E0,2.626554728E0,3.800000000E1
3.696672582E2,6.499207743E1,2.548111999E1,7.802130804E0,2.527044678E1,1.309999943E0,2.710000038E1,7.401831016E-1,3.790092468E0,2.558708906E0,3.800000000E1
3.706677552E2,6.499208830E1,2.548112693E1,7.687700125E0,2.515600586E1,1.190000057E0,2.789999962E1,7.412854881E-1,3.790092468E0,2.500000000E0,3.800000000E1
3.716670025E2,6.499209814E1,2.548112979E1,7.824427955E0,2.529272461E1,1.110000014E0,2.700000000E1,7.425794793E-1,3.790092468E0,2.504762650E0,3.600000000E1
3.726671817E2,6.499210928E1,2.548113775E1,7.909155292E0,2.537744141E1,1.340000033E0,2.760000038E1,7.438069812E-1,3.790092468E0,2.551649094E0,3.600000000E1
3.736669102E2,6.499211969E1,2.548114644E1,8.062668629E0,2.553094482E1,1.230000019E0,2.670000076E1,7.450841692E-1,3.790092468E0,2.500000000E0,3.400000000E1
3.746671476E2,6.499213012E1,2.548115782E1,8.055903813E0,2.552416992E1,1.340000033E0,2.720000076E1,7.463618507E-1,3.790092468E0,2.500000000E0,3.400000000E1
3.756673880E2,6.499214120E1,2.548116502E1,8.152960155E0,2.562121582E1,1.289999962E0,2.420000076E1,7.475589210E-1,3.790092468E0,2.500000000E0,3.400000000E1
3.766676966E2,6.499215153E1,2.548117219E1,8.005753121E0,2.547399902E1,1.139999986E0,2.160000038E1,7.487761978E-1,3.790092468E0,2.500000000E0,3.300000000E1
3.776677220E2,6.499216147E1,2.548118304E1,8.152064003E0,2.562030029E1,1.220000029E0,2.520000076E1,7.500330069E-1,3.790092468E0,2.500000000E0,3.700000000E1
3.786670094E2,6.499217233E1,2.548119045E1,8.260716838E0,2.572894287E1,1.279999971E0,1.500000000E1,7.513625393E-1,3.790092468E0,2.542726517E0,3.700000000E1
3.796674040E2,6.499218421E1,2.548119365E1,8.373825931E0,2.584204102E1,1.330000043E0,1.460000038E1,7.525525507E-1,3.790092468E0,2.665758610E0,3.600000000E1
3.806669871E2,6.499219490E1,2.548119485E1,8.468257077E0,2.593646240E1,1.259999990E0,6.099999905E0,7.536084111E-1,3.790092468E0,2.692471504E0,3.700000000E1
3.816674024E2,6.499220439E1,2.548119408E1,9.029789077E0,2.649798584E1,1.179999948E0,9.199999809E0,7.541135308E-1,3.790092468E0,2.564313650E0,3.700000000E1
3.826670660E2,6.499220063E1,2.548118805E1,8.385864436E0,2.585406494E1,0.000000000E0,NaN,7.542924846E-1,3.790092468E0,2.500000000E0,3.800000000E1
3.836671335E2,6.499219919E1,2.548118635E1,8.385557860E0,2.585375977E1,0.000000000E0,NaN,7.543343778E-1,3.790092468E0,2.500000000E0,3.900000000E1
3.846673060E2,6.499219886E1,2.548118592E1,8.386656170E0,2.585485840E1,0.000000000E0,NaN,7.543425391E-1,3.790092468E0,2.500000000E0,3.800000000E1
3.856674637E2,6.499219880E1,2.548118582E1,8.388120954E0,2.585632324E1,0.000000000E0,NaN,7.543447236E-1,3.790092468E0,2.500000000E0,3.800000000E1
3.866674666E2,6.499219881E1,2.548118578E1,8.388426136E0,2.585662842E1,0.000000000E0,NaN,7.543461797E-1,3.790092468E0,2.500000000E0,3.700000000E1
3.876681354E2,6.499219882E1,2.548118576E1,8.388975461E0,2.585717773E1,0.000000000E0,NaN,7.543490919E-1,3.790092468E0,2.500000000E0,3.500000000E1
3.886683491E2,6.499219884E1,2.548118572E1,8.388365125E0,2.585656738E1,0.000000000E0,NaN,7.543502992E-1,3.790092468E0,2.500000000E0,3.300000000E1
3.896682539E2,6.499219885E1,2.548118571E1,8.389891012E0,2.585809326E1,0.000000000E0,NaN,7.543507692E-1,3.790092468E0,2.500000000E0,3.300000000E1
3.906686822E2,6.499219885E1,2.548118570E1,8.389646871E0,2.585784912E1,0.000000000E0,NaN,7.543535896E-1,3.790092468E0,2.500000000E0,3.300000000E1
3.916683546E2,6.499219885E1,2.548118564E1,8.389768938E0,2.585797119E1,0.000000000E0,NaN,7.543568801E-1,3.790092468E0,2.500000000E0,3.200000000E1
3.926682206E2,6.499219885E1,2.548118557E1,8.388975477E0,2.585717773E1,0.000000000E0,NaN,7.543612490E-1,3.790092468E0,2.500000000E0,3.400000000E1
3.936682774E2,6.499219887E1,2.548118549E1,8.388609280E0,2.585681152E1,0.000000000E0,NaN,7.544492498E-1,3.790092468E0,2.500000000E0,3.400000000E1
3.946682701E2,6.499219932E1,2.548118703E1,8.561949617E0,2.603015137E1,2.199999988E-1,7.400000000E1,7.553445516E-1,3.790092468E0,2.500000000E0,3.300000000E1
3.956681601E2,6.499220290E1,2.548120409E1,8.295230174E0,2.576342773E1,1.000000000E0,5.640000153E1,7.565088075E-1,3.790092468E0,2.500000000E0,3.400000000E1
3.966680503E2,6.499220700E1,2.548122688E1,7.776497360E0,2.524468994E1,1.220000029E0,5.520000076E1,7.576952090E-1,3.790092468E0,2.500000000E0,3.500000000E1
3.976683588E2,6.499221680E1,2.548123686E1,7.314714806E0,2.478289795E1,1.279999971E0,5.600000000E1,7.592591888E-1,3.790092468E0,2.500000000E0,3.800000000E1
3.986679074E2,6.499221842E1,2.548126991E1,7.047811365E0,2.451599121E1,1.330000043E0,6.259999847E1,7.606838626E-1,3.790092468E0,2.500000000E0,3.800000000E1
3.996683645E2,6.499221914E1,2.548130017E1,6.756004610E0,2.422418213E1,1.370000005E0,6.819999695E1,7.620284468E-1,3.790092468E0,2.500000000E0,3.900000000E1
4.006681504E2,6.499222081E1,2.548132850E1,6.224208376E0,2.369238281E1,1.399999976E0,6.400000000E1,7.633192301E-1,3.790092468E0,2.500000000E0,3.900000000E1
4.016685661E2,6.499222620E1,2.548135282E1,6.327425058E0,2.379559326E1,1.429999948E0,5.440000153E1,7.646349190E-1,3.790092468E0,2.500000000E0,3.800000000E1
4.026680744E2,6.499223373E1,2.548137441E1,6.194132300E0,2.366229248E1,1.399999976E0,4.729999924E1,7.660865117E-1,3.790092468E0,2.500000000E0,3.900000000E1
4.036685511E2,6.499224195E1,2.548139840E1,6.394885711E0,2.386303711E1,1.500000000E0,4.470000076E1,7.674990649E-1,3.790092468E0,2.500000000E0,4.000000000E1
4.046683804E2,6.499225228E1,2.548141589E1,6.500425832E0,2.396856689E1,1.419999957E0,3.620000076E1,7.688892151E-1,3.790092468E0,2.500000000E0,3.900000000E1
4.056683159E2,6.499226288E1,2.548143157E1,6.461251742E0,2.392938232E1,1.440000057E0,3.309999847E1,7.702826413E-1,3.790092468E0,2.500000000E0,3.800000000E1
4.066679110E2,6.499227352E1,2.548144723E1,6.380817922E0,2.384893799E1,1.509999990E0,3.179999924E1,7.716417151E-1,3.790092468E0,2.500000000E0,3.500000000E1
4.076688732E2,6.499228429E1,2.548146090E1,6.699187821E0,2.416729736E1,1.490000010E0,2.539999962E1,7.729418528E-1,3.790092468E0,2.500000000E0,3.200000000E1
4.086688166E2,6.499229346E1,2.548147806E1,6.635659490E0,2.410375977E1,1.370000005E0,3.379999924E1,7.747780698E-1,3.790092468E0,2.500000000E0,2.700000000E1
4.096684522E2,6.499230689E1,2.548150079E1,7.334098221E0,2.480218506E1,1.460000038E0,3.079999924E1,7.764068925E-1,3.790092468E0,2.500000000E0,3.500000000E1
4.106685655E2,6.499231881E1,2.548152093E1,7.489871865E0,2.495794678E1,1.480000019E0,3.400000000E1,7.783453501E-1,3.790092468E0,2.500000000E0,4.000000000E1
4.116682245E2,6.499233211E1,2.548154759E1,7.616106107E0,2.508416748E1,1.470000029E0,4.409999847E1,7.805219529E-1,3.790092468E0,2.500000000E0,4.000000000E1
4.126683522E2,6.499234760E1,2.548157590E1,7.618135885E0,2.508618164E1,1.460000038E0,3.809999847E1,7.820261836E-1,3.790092468E0,2.500000000E0,4.100000000E1
4.136685183E2,6.499235272E1,2.548160552E1,6.673806232E0,2.414184570E1,1.460000038E0,4.850000000E1,7.832696602E-1,3.790092468E0,2.500000000E0,4.100000000E1
4.146688184E2,6.499235417E1,2.548163175E1,6.181072184E0,2.364910889E1,1.320000052E0,5.809999847E1,7.846439009E-1,3.790092468E0,2.500000000E0,4.100000000E1
4.156682361E2,6.499235294E1,2.548166084E1,5.907207934E0,2.337524414E1,1.409999967E0,6.450000000E1,7.882329079E-1,3.790092468E0,2.500000000E0,4.100000000E1
4.166679166E2,6.499232818E1,2.548170982E1,6.240684284E0,2.370874023E1,3.890000105E0,1.338999939E2,7.916704053E-1,3.790092468E0,2.503767729E0,4.100000000E1
4.176685686E2,6.499229871E1,2.548168773E1,6.809992268E0,2.427807617E1,3.150000095E0,1.973999939E2,7.933489824E-1,3.790092468E0,2.652350187E0,4.100000000E1
4.186683993E2,6.499228677E1,2.548166588E1,6.589643315E0,2.405773926E1,1.419999957E0,2.021999969E2,7.947166618E-1,3.790092468E0,2.500000000E0,4.100000000E1
4.196681140E2,6.499227591E1,2.548165222E1,6.500094134E0,2.396820068E1,1.490000010E0,1.926999969E2,7.961599581E-1,3.790092468E0,2.500000000E0,4.000000000E1
4.206687946E2,6.499226425E1,2.548163873E1,6.501303515E0,2.396942139E1,1.460000038E0,1.926999969E2,7.977238307E-1,3.790092468E0,2.500000000E0,4.000000000E1
4.216682552E2,6.499225183E1,2.548162312E1,6.159677617E0,2.362780762E1,1.460000038E0,1.958999939E2,7.991752752E-1,3.790092468E0,2.500000000E0,4.000000000E1
4.226680211E2,6.499224017E1,2.548160924E1,6.347593519E0,2.381573486E1,1.450000048E0,1.976999969E2,8.006333751E-1,3.790092468E0,2.500000000E0,3.900000000E1
4.236679260E2,6.499222899E1,2.548159303E1,6.458849572E0,2.392700195E1,1.419999957E0,1.998999939E2,8.020412894E-1,3.790092468E0,2.500000000E0,3.900000000E1
4.246679330E2,6.499221811E1,2.548157771E1,6.283118642E0,2.375128174E1,1.370000005E0,2.040000000E2,8.034121136E-1,3.790092468E0,2.500000000E0,3.700000000E1
4.256679412E2,6.499220645E1,2.548156824E1,6.204738402E0,2.367291260E1,1.419999957E0,1.938000031E2,8.048592362E-1,3.790092468E0,2.500000000E0,3.600000000E1
4.266686753E2,6.499219344E1,2.548156903E1,6.267959069E0,2.373614502E1,1.529999971E0,1.708000031E2,8.062189802E-1,3.790092468E0,2.500000000E0,3.500000000E1
4.276685589E2,6.499218195E1,2.548157893E1,6.505436989E0,2.397363281E1,1.450000048E0,1.503000031E2,8.075752578E-1,3.790092468E0,2.500000000E0,3.700000000E1
4.286681864E2,6.499217344E1,2.548159960E1,6.995176507E0,2.446337891E1,1.519999981E0,1.300000000E2,8.088968632E-1,3.790092468E0,2.500000000E0,3.700000000E1
4.296688304E2,6.499216863E1,2.548162531E1,7.188471906E0,2.465667725E1,1.500000000E0,1.085999985E2,8.102262384E-1,3.790092468E0,2.500000000E0,3.700000000E1
4.306685657E2,6.499216567E1,2.548165271E1,7.019220249E0,2.448742676E1,1.419999957E0,1.025000000E2,8.115459058E-1,3.790092468E0,2.500000000E0,3.900000000E1
4.316678766E2,6.499216390E1,2.548168047E1,6.771661585E0,2.423986816E1,1.399999976E0,9.459999847E1,8.128916114E-1,3.790092468E0,2.500000000E0,3.900000000E1
4.326685430E2,6.499216290E1,2.548170900E1,6.645441552E0,2.411364746E1,1.419999957E0,9.500000000E1,8.143144280E-1,3.790092468E0,2.500000000E0,3.900000000E1
4.336683493E2,6.499216320E1,2.548173926E1,6.599056779E0,2.406726074E1,1.460000038E0,8.830000305E1,8.157608423E-1,3.790092468E0,2.500000000E0,3.900000000E1
4.346680583E2,6.499216326E1,2.548177003E1,6.581480410E0,2.404968262E1,1.440000057E0,8.600000000E1,8.172488228E-1,3.790092468E0,2.500000000E0,3.900000000E1
4.356687969E2,6.499216255E1,2.548180164E1,6.274413643E0,2.374261475E1,1.450000048E0,8.919999695E1,8.187054791E-1,3.790092468E0,2.500000000E0,3.800000000E1
4.366684011E2,6.499216033E1,2.548183218E1,6.305846423E0,2.377404785E1,1.450000048E0,9.369999695E1,8.200388613E-1,3.790092468E0,2.500000000E0,3.700000000E1
4.376686806E2,6.499215896E1,2.548186036E1,6.246703672E0,2.371490479E1,1.460000038E0,9.569999695E1,8.217541523E-1,3.790092468E0,2.500000000E0,3.900000000E1
4.386683066E2,6.499215890E1,2.548189685E1,5.996095284E0,2.346429443E1,1.450000048E0,8.990000153E1,8.233740081E-1,3.790092468E0,2.500000000E0,4.000000000E1
4.396684242E2,6.499215892E1,2.548193131E1,5.714480997E0,2.318267822E1,1.470000029E0,9.130000305E1,8.248653964E-1,3.790092468E0,2.500000000E0,4.100000000E1
4.406682836E2,6.499215936E1,2.548196302E1,5.943487055E0,2.341168213E1,1.450000048E0,9.140000153E1,8.262164896E-1,3.790092468E0,2.500000000E0,4.100000000E1
4.416681613E2,6.499215844E1,2.548199168E1,5.959051770E0,2.342724609E1,1.330000043E0,9.640000153E1,8.274614039E-1,3.790092468E0,2.500000000E0,4.000000000E1
4.426680572E2,6.499215631E1,2.548201768E1,6.166998053E0,2.363519287E1,1.269999981E0,1.000000000E2,8.287913398E-1,3.790092468E0,2.500000000E0,4.000000000E1
4.436687543E2,6.499215317E1,2.548204498E1,6.479801890E0,2.394799805E1,1.340000033E0,1.043000031E2,8.300732817E-1,3.790092468E0,2.500000000E0,4.000000000E1
4.446685086E2,6.499215043E1,2.548207147E1,7.115970302E0,2.458416748E1,1.330000043E0,1.000999985E2,8.312519586E-1,3.790092468E0,2.500000000E0,4.000000000E1
4.456685496E2,6.499214956E1,2.548209646E1,7.961124703E0,2.542932129E1,1.259999990E0,9.200000000E1,8.324068534E-1,3.790092468E0,2.500000000E0,3.800000000E1
4.466682924E2,6.499215991E1,2.548209441E1,7.591932320E0,2.506011963E1,0.000000000E0,NaN,8.333200560E-1,3.790092468E0,2.500000000E0,3.900000000E1
4.476681309E2,6.499216809E1,2.548209268E1,7.657064157E0,2.512524414E1,0.000000000E0,NaN,8.336347253E-1,3.790092468E0,2.500000000E0,4.000000000E1
4.486680119E2,6.499217088E1,2.548209156E1,7.657676978E0,2.512585449E1,0.000000000E0,NaN,8.337612170E-1,3.790092468E0,2.500000000E0,4.000000000E1
4.496683517E2,6.499217197E1,2.548209079E1,7.659570014E0,2.512774658E1,0.000000000E0,NaN,8.342185476E-1,3.790092468E0,2.500000000E0,4.000000000E1
4.506685013E2,6.499217332E1,2.548209998E1,7.479945282E0,2.494812012E1,5.400000215E-1,7.500000000E1,8.352334293E-1,3.790092468E0,2.500000000E0,4.000000000E1
4.516680485E2,6.499217335E1,2.548212157E1,7.538540254E0,2.500671387E1,1.059999943E0,8.930000305E1,8.366557010E-1,3.790092468E0,2.500000000E0,3.900000000E1
4.526680272E2,6.499217362E1,2.548215182E1,7.547575375E0,2.501574707E1,1.289999962E0,8.159999847E1,8.378347153E-1,3.790092468E0,2.500000000E0,4.000000000E1
4.536688640E2,6.499217262E1,2.548217679E1,8.430388348E0,2.589855957E1,1.190000057E0,8.690000153E1,8.391892749E-1,3.790092468E0,2.500000000E0,4.000000000E1
4.546685177E2,6.499217331E1,2.548220556E1,8.503327577E0,2.597149658E1,1.330000043E0,7.950000000E1,8.410038805E-1,3.790092468E0,2.500000000E0,4.000000000E1
4.556682942E2,6.499217224E1,2.548224408E1,8.571566041E0,2.603973389E1,1.289999962E0,8.709999847E1,8.426046970E-1,3.790092468E0,2.500000000E0,4.100000000E1
4.566683857E2,6.499217150E1,2.548227809E1,8.890292837E0,2.635845947E1,1.370000005E0,8.869999695E1,8.440544205E-1,3.790092468E0,2.500000000E0,3.800000000E1
4.576687668E2,6.499217141E1,2.548230893E1,8.901647000E0,2.636981201E1,1.330000043E0,8.650000000E1,8.454485284E-1,3.790092468E0,2.500000000E0,3.800000000E1
4.586681441E2,6.499217070E1,2.548233854E1,8.803503462E0,2.627166748E1,1.340000033E0,9.000000000E1,8.467196920E-1,3.790092468E0,2.500000000E0,3.800000000E1
4.596686581E2,6.499216881E1,2.548236521E1,8.890661425E0,2.635882568E1,1.340000033E0,9.469999695E1,8.480707991E-1,3.790092468E0,2.500000000E0,3.800000000E1
4.606684804E2,6.499216898E1,2.548239395E1,8.822792074E0,2.629095459E1,1.419999957E0,8.159999847E1,8.494378822E-1,3.790092468E0,2.500000000E0,3.800000000E1
4.616682706E2,6.499217069E1,2.548242275E1,8.789958305E0,2.625811768E1,1.419999957E0,8.019999695E1,8.507860632E-1,3.790092468E0,2.500000000E0,3.800000000E1
4.626679711E2,6.499217154E1,2.548245136E1,8.689435756E0,2.615759277E1,1.440000057E0,8.669999695E1,8.522152109E-1,3.790092468E0,2.500000000E0,3.800000000E1
4.636681478E2,6.499217104E1,2.548248174E1,8.607344697E0,2.607550049E1,1.440000057E0,9.009999847E1,8.535755888E-1,3.790092468E0,2.500000000E0,3.800000000E1
4.646685608E2,6.499217106E1,2.548251068E1,8.139817019E0,2.560797119E1,1.419999957E0,8.640000153E1,8.549300750E-1,3.790092468E0,2.500000000E0,3.800000000E1
4.656679733E2,6.499217084E1,2.548253949E1,7.887193901E0,2.535534668E1,1.399999976E0,8.809999847E1,8.563717647E-1,3.790092468E0,2.500000000E0,3.800000000E1
4.666685115E2,6.499216956E1,2.548257001E1,8.095141204E0,2.556329346E1,1.490000010E0,8.909999847E1,8.577838466E-1,3.790092468E0,2.500000000E0,3.800000000E1
4.676679647E2,6.499216838E1,2.548259992E1,7.932422061E0,2.540057373E1,1.470000029E0,9.069999695E1,8.592152584E-1,3.790092468E0,2.500000000E0,3.800000000E1
4.686686938E2,6.499216673E1,2.548263012E1,7.876514030E0,2.534466553E1,1.429999948E0,8.940000153E1,8.607790612E-1,3.790092468E0,2.500000000E0,3.700000000E1
4.696685685E2,6.499216338E1,2.548266243E1,7.802538167E0,2.527069092E1,1.320000052E0,9.609999847E1,8.626424156E-1,3.790092468E0,2.500000000E0,3.900000000E1
4.706683949E2,6.499216342E1,2.548270207E1,7.253040884E0,2.472119141E1,1.419999957E0,8.940000153E1,8.638655148E-1,3.790092468E0,2.500000000E0,3.900000000E1
4.716684476E2,6.499216494E1,2.548272784E1,6.711356677E0,2.417950439E1,1.360000014E0,8.940000153E1,8.656300865E-1,3.790092468E0,2.500000000E0,4.000000000E1
4.726683106E2,6.499216566E1,2.548276534E1,6.956232451E0,2.442437744E1,1.500000000E0,8.819999695E1,8.672400965E-1,3.790092468E0,2.500000000E0,4.100000000E1
4.736681574E2,6.499216602E1,2.548279958E1,6.911923148E0,2.438006592E1,1.509999990E0,8.940000153E1,8.686845563E-1,3.790092468E0,2.500000000E0,4.100000000E1
4.746681980E2,6.499216633E1,2.548283030E1,6.822325519E0,2.429046631E1,1.450000048E0,8.919999695E1,8.700756280E-1,3.790092468E0,2.500000000E0,4.100000000E1
4.756682973E2,6.499216435E1,2.548285952E1,7.151182759E0,2.461932373E1,1.429999948E0,9.700000000E1,8.714508959E-1,3.790092468E0,2.500000000E0,4.100000000E1
4.766683514E2,6.499216197E1,2.548288823E1,7.114072811E0,2.458221436E1,1.429999948E0,9.890000153E1,8.728486349E-1,3.790092468E0,2.500000000E0,4.100000000E1
4.776680253E2,6.499216266E1,2.548291792E1,7.190491095E0,2.465863037E1,1.490000010E0,8.640000153E1,8.741568615E-1,3.790092468E0,2.500000000E0,4.100000000E1
4.786686651E2,6.499216407E1,2.548294555E1,7.303958258E0,2.477209473E1,1.450000048E0,8.230000305E1,8.754698717E-1,3.790092468E0,2.500000000E0,4.100000000E1
4.796688286E2,6.499216472E1,2.548297344E1,7.225041934E0,2.469317627E1,1.419999957E0,9.000000000E1,8.767779501E-1,3.790092468E0,2.500000000E0,3.900000000E1
4.806686872E2,6.499216533E1,2.548300123E1,6.859687579E0,2.432781982E1,1.409999967E0,8.930000305E1,8.782117213E-1,3.790092468E0,2.500000000E0,3.900000000E1
4.816678856E2,6.499216409E1,2.548303159E1,7.079597800E0,2.454772949E1,1.440000057E0,9.340000153E1,8.796925544E-1,3.790092468E0,2.500000000E0,4.000000000E1
4.826684079E2,6.499216307E1,2.548306300E1,7.233651345E0,2.470178223E1,1.440000057E0,9.659999847E1,8.810965959E-1,3.790092468E0,2.500000000E0,3.900000000E1
4.836679478E2,6.499215988E1,2.548309190E1,7.440620262E0,2.490875244E1,1.450000048E0,1.050000000E2,8.825803173E-1,3.790092468E0,2.500000000E0,3.900000000E1
4.846685621E2,6.499215936E1,2.548312344E1,7.163216749E0,2.463134766E1,1.460000038E0,9.490000153E1,8.840003976E-1,3.790092468E0,2.500000000E0,3.800000000E1
4.856683166E2,6.499215879E1,2.548315362E1,7.304392217E0,2.477252197E1,1.440000057E0,9.450000000E1,8.853400814E-1,3.790092468E0,2.500000000E0,3.800000000E1
4.866682690E2,6.499215801E1,2.548318206E1,7.154551773E0,2.462268066E1,1.409999967E0,9.169999695E1,8.866479812E-1,3.790092468E0,2.500000000E0,3.800000000E1
4.876679504E2,6.499215782E1,2.548320988E1,7.316479408E0,2.478460693E1,1.350000024E0,8.800000000E1,8.880900804E-1,3.790092468E0,2.500000000E0,3.700000000E1
4.886679865E2,6.499216115E1,2.548323953E1,7.348710633E0,2.481683350E1,1.429999948E0,8.300000000E1,8.895484317E-1,3.790092468E0,2.500000000E0,3.700000000E1
4.896688372E2,6.499216364E1,2.548326999E1,7.277364481E0,2.474548340E1,1.460000038E0,8.390000153E1,8.909331942E-1,3.790092468E0,2.500000000E0,3.800000000E1
4.906688285E2,6.499216892E1,2.548329667E1,6.818874657E0,2.428698730E1,1.440000057E0,8.159999847E1,8.922803350E-1,3.790092468E0,2.500000000E0,3.800000000E1
4.916688524E2,6.499217130E1,2.548332477E1,6.559723098E0,2.402783203E1,1.360000014E0,7.859999847E1,8.936363036E-1,3.790092468E0,2.500000000E0,3.800000000E1
4.926686296E2,6.499217182E1,2.548335359E1,6.376619695E0,2.384472656E1,1.429999948E0,8.659999847E1,8.950098325E-1,3.790092468E0,2.500000000E0,3.800000000E1
4.936683401E2,6.499217214E1,2.548338280E1,6.502109883E0,2.397021484E1,1.429999948E0,8.750000000E1,8.963314715E-1,3.790092468E0,2.500000000E0,3.800000000E1
4.946684528E2,6.499217174E1,2.548341090E1,6.024510976E0,2.349261475E1,1.419999957E0,8.680000305E1,8.977356321E-1,3.790092468E0,2.500000000E0,3.700000000E1
4.956682402E2,6.499217047E1,2.548344062E1,6.011266837E0,2.347937012E1,1.389999986E0,9.080000305E1,8.991625651E-1,3.790092468E0,2.500000000E0,3.700000000E1
4.966679376E2,6.499216994E1,2.548347095E1,6.114783658E0,2.358288574E1,1.389999986E0,9.219999695E1,9.008644456E-1,3.790092468E0,2.500000000E0,3.800000000E1
4.976679009E2,6.499217286E1,2.548350649E1,6.328411322E0,2.379650879E1,1.350000024E0,8.230000305E1,9.025245817E-1,3.790092468E0,2.500000000E0,3.800000000E1
4.986683447E2,6.499217431E1,2.548354164E1,6.821090364E0,2.428918457E1,1.340000033E0,8.690000153E1,9.038710955E-1,3.790092468E0,2.500000000E0,3.900000000E1
4.996687925E2,6.499217791E1,2.548356899E1,7.107594169E0,2.457568359E1,1.350000024E0,8.450000000E1,9.051746806E-1,3.790092468E0,2.500000000E0,4.000000000E1
5.006680857E2,6.499218081E1,2.548359586E1,7.571953758E0,2.504003906E1,1.360000014E0,7.769999695E1,9.064588628E-1,3.790092468E0,2.500000000E0,4.100000000E1
5.016679307E2,6.499218257E1,2.548362286E1,7.949093080E0,2.541717529E1,1.350000024E0,8.080000305E1,9.076306988E-1,3.790092468E0,2.500000000E0,4.100000000E1
5.026688489E2,6.499218316E1,2.548364775E1,7.718198997E0,2.518627930E1,1.360000014E0,9.019999695E1,9.088619397E-1,3.790092468E0,2.500000000E0,4.100000000E1
5.036686849E2,6.499218404E1,2.548367386E1,7.807434638E0,2.527551270E1,1.330000043E0,8.600000000E1,9.101048311E-1,3.790092468E0,2.500000000E0,4.200000000E1
5.046683279E2,6.499218515E1,2.548370017E1,7.870608488E0,2.533868408E1,1.279999971E0,8.519999695E1,9.112052490E-1,3.790092468E0,2.500000000E0,4.100000000E1
5.056681695E2,6.499218683E1,2.548372324E1,7.876226525E0,2.534429932E1,1.370000005E0,8.869999695E1,9.122956037E-1,3.790092468E0,2.500000000E0,4.200000000E1
5.066679216E2,6.499218800E1,2.548374627E1,8.026131205E0,2.549420166E1,1.320000052E0,8.830000305E1,9.134740010E-1,3.790092468E0,2.500000000E0,4.200000000E1
5.076684535E2,6.499218903E1,2.548377122E1,8.377207739E0,2.584527588E1,1.360000014E0,8.940000153E1,9.148641291E-1,3.790092468E0,2.500000000E0,4.200000000E1
5.086682861E2,6.499218962E1,2.548380076E1,8.873669870E0,2.634173584E1,1.450000048E0,8.809999847E1,9.162507076E-1,3.790092468E0,2.500000000E0,4.200000000E1
5.096686856E2,6.499218990E1,2.548383025E1,8.881118045E0,2.634918213E1,1.409999967E0,8.790000153E1,9.173995718E-1,3.790092468E0,2.500000000E0,4.000000000E1
5.106682531E2,6.499218996E1,2.548385469E1,8.923233709E0,2.639129639E1,1.399999976E0,9.109999847E1,9.187208361E-1,3.790092468E0,2.500000000E0,4.100000000E1
5.116682991E2,6.499218943E1,2.548388277E1,9.054826577E0,2.652288818E1,1.450000048E0,9.069999695E1,9.200264270E-1,3.790092468E0,2.500000000E0,4.100000000E1
5.126679394E2,6.499219023E1,2.548391048E1,8.836750224E0,2.630480957E1,1.509999990E0,8.840000153E1,9.214010841E-1,3.790092468E0,2.500000000E0,4.000000000E1
5.136680546E2,6.499219043E1,2.548393972E1,8.764425362E0,2.623248291E1,1.539999962E0,9.030000305E1,9.227252281E-1,3.790092468E0,2.500000000E0,3.900000000E1
5.146682596E2,6.499219087E1,2.548396787E1,8.688133374E0,2.615618896E1,1.440000057E0,9.090000153E1,9.241127488E-1,3.790092468E0,2.500000000E0,3.900000000E1
5.156683650E2,6.499219183E1,2.548399730E1,8.683619272E0,2.615167236E1,1.460000038E0,8.809999847E1,9.254060215E-1,3.790092468E0,2.500000000E0,3.700000000E1
5.166683983E2,6.499219273E1,2.548402473E1,8.652859888E0,2.612091064E1,1.480000019E0,8.740000153E1,9.268119733E-1,3.790092468E0,2.500000000E0,2.100000000E1
5.176681336E2,6.499219305E1,2.548405463E1,8.626250505E0,2.609429932E1,1.509999990E0,8.800000000E1,9.282758666E-1,3.790092468E0,2.500000000E0,2.100000000E1
5.186680582E2,6.499219435E1,2.548408562E1,8.554476056E0,2.602252197E1,1.519999981E0,8.569999695E1,9.297576103E-1,3.790092468E0,2.500000000E0,2.000000000E1
5.196681028E2,6.499219619E1,2.548411684E1,8.292150353E0,2.576019287E1,1.450000048E0,8.300000000E1,9.313387276E-1,3.790092468E0,2.500000000E0,1.900000000E1
5.206687581E2,6.499219701E1,2.548415042E1,8.513100222E0,2.598114014E1,1.529999971E0,8.640000153E1,9.330249985E-1,3.790092468E0,2.500000000E0,2.200000000E1
5.216686912E2,6.499219766E1,2.548418626E1,8.709819103E0,2.617785645E1,1.490000010E0,9.009999847E1,9.346819269E-1,3.790092468E0,2.500000000E0,2.300000000E1
5.226687604E2,6.499219920E1,2.548422132E1,8.646528985E0,2.611456299E1,1.610000014E0,8.459999847E1,9.362138585E-1,3.790092468E0,2.500000000E0,3.800000000E1
5.236684453E2,6.499219996E1,2.548425386E1,8.732530011E0,2.620056152E1,1.559999943E0,8.600000000E1,9.377509464E-1,3.790092468E0,2.500000000E0,3.900000000E1
5.246682768E2,6.499220029E1,2.548428655E1,8.688281631E0,2.615631104E1,1.549999952E0,8.719999695E1,9.393633779E-1,3.790092468E0,2.500000000E0,3.900000000E1
5.256679745E2,6.499220123E1,2.548432078E1,8.649404984E0,2.611743164E1,1.559999943E0,9.290000153E1,9.410341511E-1,3.790092468E0,2.500000000E0,4.000000000E1
5.266684558E2,6.499220253E1,2.548435619E1,8.700799725E0,2.616882324E1,1.529999971E0,9.100000000E1,9.424295850E-1,3.790092468E0,2.500000000E0,4.000000000E1
5.276688203E2,6.499220444E1,2.548438553E1,8.706418318E0,2.617443848E1,1.529999971E0,8.809999847E1,9.439944980E-1,3.790092468E0,2.500000000E0,4.000000000E1
5.286687426E2,6.499220636E1,2.548441851E1,8.802857434E0,2.627087402E1,1.549999952E0,8.640000153E1,9.455718364E-1,3.790092468E0,2.500000000E0,4.100000000E1
5.296684989E2,6.499220743E1,2.548445197E1,8.682682035E0,2.615069580E1,1.500000000E0,9.000000000E1,9.471158736E-1,3.790092468E0,2.500000000E0,4.100000000E1
5.306683756E2,6.499220714E1,2.548448481E1,8.585393549E0,2.605340576E1,1.559999943E0,9.169999695E1,9.486404382E-1,3.790092468E0,2.500000000E0,4.100000000E1
5.316679436E2,6.499220590E1,2.548451711E1,8.474676436E0,2.594268799E1,1.519999981E0,9.500000000E1,9.501724661E-1,3.790092468E0,2.500000000E0,4.100000000E1
5.326685525E2,6.499220576E1,2.548454970E1,8.188484264E0,2.565649414E1,1.549999952E0,8.809999847E1,9.515357249E-1,3.790092468E0,2.500000000E0,4.100000000E1
5.336683734E2,6.499220633E1,2.548457867E1,7.935251522E0,2.540325928E1,1.559999943E0,8.890000153E1,9.530470545E-1,3.790092468E0,2.500000000E0,4.200000000E1
5.346680958E2,6.499220769E1,2.548461066E1,8.000928356E0,2.546893311E1,1.539999962E0,8.450000000E1,9.545534835E-1,3.790092468E0,2.500000000E0,4.200000000E1
5.356679848E2,6.499220608E1,2.548464248E1,7.740613711E0,2.520861816E1,1.490000010E0,9.640000153E1,9.558448809E-1,3.790092468E0,2.500000000E0,4.200000000E1
5.366681645E2,6.499220698E1,2.548466987E1,7.490371904E0,2.495837402E1,1.490000010E0,8.180000305E1,9.571625091E-1,3.790092468E0,2.500000000E0,4.200000000E1
5.376680461E2,6.499220706E1,2.548469790E1,7.237993156E0,2.470599365E1,1.519999981E0,9.119999695E1,9.586972260E-1,3.790092468E0,2.500000000E0,4.200000000E1
5.386679813E2,6.499220842E1,2.548473039E1,7.588704198E0,2.505670166E1,1.570000052E0,8.780000305E1,9.602073350E-1,3.790092468E0,2.500000000E0,4.200000000E1
5.396687127E2,6.499220685E1,2.548476230E1,7.354207466E0,2.482220459E1,1.509999990E0,9.519999695E1,9.616486428E-1,3.790092468E0,2.500000000E0,4.100000000E1
5.406679695E2,6.499220548E1,2.548479279E1,7.287130271E0,2.475512695E1,1.460000038E0,9.459999847E1,9.631296186E-1,3.790092468E0,2.500000000E0,4.100000000E1
5.416687693E2,6.499220434E1,2.548482418E1,7.098471303E0,2.456646729E1,1.500000000E0,9.280000305E1,9.646009958E-1,3.790092468E0,2.500000000E0,4.000000000E1
5.426685557E2,6.499220304E1,2.548485533E1,7.065146650E0,2.453314209E1,1.480000019E0,9.250000000E1,9.661254274E-1,3.790092468E0,2.500000000E0,4.100000000E1
5.436679121E2,6.499220301E1,2.548488776E1,7.173180643E0,2.464117432E1,1.460000038E0,8.430000305E1,9.676846502E-1,3.790092468E0,2.500000000E0,4.100000000E1
5.446687528E2,6.499220296E1,2.548492093E1,7.146143859E0,2.461413574E1,1.470000029E0,8.409999847E1,9.691595130E-1,3.790092468E0,2.500000000E0,4.100000000E1
5.456687569E2,6.499220321E1,2.548495230E1,7.327969552E0,2.479595947E1,1.450000048E0,8.550000000E1,9.707089298E-1,3.790092468E0,2.500000000E0,4.000000000E1
5.466684536E2,6.499220179E1,2.548498509E1,7.156095075E0,2.462408447E1,1.460000038E0,9.659999847E1,9.722787706E-1,3.790092468E0,2.500000000E0,4.000000000E1
5.476682436E2,6.499219939E1,2.548501800E1,7.097623034E0,2.456561279E1,1.429999948E0,9.809999847E1,9.736274976E-1,3.790092468E0,2.500000000E0,4.000000000E1
5.486684791E2,6.499219543E1,2.548504512E1,7.253443689E0,2.472143555E1,1.370000005E0,1.158000031E2,9.750511764E-1,3.790092468E0,2.500000000E0,4.000000000E1
5.496683650E2,6.499218767E1,2.548506921E1,7.656697244E0,2.512469482E1,1.419999957E0,1.323000031E2,9.764234956E-1,3.790092468E0,2.500000000E0,4.100000000E1
5.506683422E2,6.499217798E1,2.548508729E1,7.614575178E0,2.508258057E1,1.370000005E0,1.423999939E2,9.778278391E-1,3.790092468E0,2.500000000E0,4.000000000E1
5.516683713E2,6.499216853E1,2.548510711E1,7.607426570E0,2.507543945E1,1.379999995E0,1.390000000E2,9.792590625E-1,3.790092468E0,2.500000000E0,4.000000000E1
5.526685071E2,6.499215803E1,2.548512472E1,7.621272979E0,2.508929443E1,1.470000029E0,1.471999969E2,9.807985264E-1,3.790092468E0,2.500000000E0,4.000000000E1
5.536685541E2,6.499214660E1,2.548514320E1,7.879625427E0,2.534765625E1,1.559999943E0,1.506999969E2,9.823034878E-1,3.790092468E0,2.500000000E0,3.900000000E1
5.546685523E2,6.499213457E1,2.548515787E1,8.119422430E0,2.558746338E1,1.549999952E0,1.573000031E2,9.837956195E-1,3.790092468E0,2.500000000E0,4.000000000E1
5.556685682E2,6.499212203E1,2.548516917E1,8.335048862E0,2.580310059E1,1.509999990E0,1.626000061E2,9.851167823E-1,3.790092468E0,2.500000000E0,4.000000000E1
5.566684786E2,6.499211028E1,2.548517334E1,8.434220539E0,2.590228271E1,1.460000038E0,1.701999969E2,9.865232106E-1,3.790092468E0,2.500000000E0,4.000000000E1
5.576683604E2,6.499209790E1,2.548517947E1,8.413030424E0,2.588110352E1,1.460000038E0,1.685000000E2,9.880425280E-1,3.790092468E0,2.500000000E0,4.000000000E1
5.586683817E2,6.499208442E1,2.548518475E1,8.499078031E0,2.596716309E1,1.480000019E0,1.743000031E2,9.894847600E-1,3.790092468E0,2.500000000E0,4.000000000E1
5.596679679E2,6.499207145E1,2.548518454E1,8.615399236E0,2.608349609E1,1.399999976E0,1.831000061E2,9.909547426E-1,3.790092468E0,2.500000000E0,4.000000000E1
5.606687742E2,6.499205849E1,2.548517837E1,8.704925688E0,2.617303467E1,1.370000005E0,1.953000031E2,9.923915479E-1,3.790092468E0,2.500000000E0,4.000000000E1
5.616685663E2,6.499204606E1,2.548517002E1,8.899616075E0,2.636773682E1,1.409999967E0,1.981000061E2,9.937627518E-1,3.790092468E0,2.500000000E0,4.000000000E1
5.626680442E2,6.499203373E1,2.548516956E1,8.912361188E0,2.638049316E1,1.279999971E0,1.793000031E2,9.952748301E-1,3.790092468E0,2.500000000E0,4.100000000E1
5.636684636E2,6.499202028E1,2.548517430E1,9.174006937E0,2.664215088E1,1.409999967E0,1.703000031E2,9.968919198E-1,3.790092468E0,2.500000000E0,4.100000000E1
5.646680948E2,6.499200631E1,2.548518386E1,9.272688612E0,2.674084473E1,1.409999967E0,1.646999969E2,9.984492116E-1,3.790092468E0,2.500000000E0,4.100000000E1
5.656678068E2,6.499199273E1,2.548519196E1,9.331392534E0,2.679956055E1,1.480000019E0,1.663000031E2,9.999659341E-1,3.790092468E0,2.500000000E0,4.100000000E1
5.666685465E2,6.499197991E1,2.548520298E1,9.323874163E0,2.679205322E1,1.480000019E0,1.618999939E2,1.001542915E0,3.790092468E0,2.500000000E0,4.100000000E1
5.676682196E2,6.499196647E1,2.548521369E1,9.321421129E0,2.678961182E1,1.460000038E0,1.621999969E2,1.003057917E0,3.790092468E0,2.500000000E0,4.100000000E1
5.686680451E2,6.499195388E1,2.548522601E1,9.365538781E0,2.683374023E1,1.480000019E0,1.593999939E2,1.004448832E0,3.790092468E0,2.500000000E0,4.200000000E1
5.696680013E2,6.499194256E1,2.548523860E1,9.441945200E0,2.691015625E1,1.419999957E0,1.563000031E2,1.005966285E0,3.790092468E0,2.500000000E0,4.100000000E1
5.706688444E2,6.499192975E1,2.548524973E1,9.462136804E0,2.693035889E1,1.450000048E0,1.593999939E2,1.007419077E0,3.790092468E0,2.500000000E0,4.100000000E1
5.716687550E2,6.499191716E1,2.548525799E1,9.384244954E0,2.685247803E1,1.460000038E0,1.613000031E2,1.008823975E0,3.790092468E0,2.500000000E0,4.000000000E1
5.726688295E2,6.499190651E1,2.548527407E1,9.346638502E0,2.681488037E1,1.409999967E0,1.528999939E2,1.010236983E0,3.790092468E0,2.500000000E0,4.000000000E1
5.736685584E2,6.499189593E1,2.548529072E1,9.344554606E0,2.681280518E1,1.409999967E0,1.511999969E2,1.011677578E0,3.790092468E0,2.500000000E0,3.900000000E1
5.746687885E2,6.499188459E1,2.548530554E1,9.319825874E0,2.678808594E1,1.450000048E0,1.526999969E2,1.013036280E0,3.790092468E0,2.500000000E0,3.900000000E1
5.756688268E2,6.499187394E1,2.548531971E1,9.243461992E0,2.671173096E1,1.419999957E0,1.536999969E2,1.014528258E0,3.790092468E0,2.500000000E0,2.100000000E1
5.766688123E2,6.499186152E1,2.548533172E1,9.174847846E0,2.664312744E1,1.509999990E0,1.531000061E2,1.015989261E0,3.790092468E0,2.500000000E0,3.900000000E1
5.776684932E2,6.499184972E1,2.548534539E1,9.147494121E0,2.661578369E1,1.470000029E0,1.555000000E2,1.017496875E0,3.790092468E0,2.500000000E0,4.000000000E1
5.786683963E2,6.499183727E1,2.548535809E1,9.012351666E0,2.648065186E1,1.450000048E0,1.538000031E2,1.018977626E0,3.790092468E0,2.500000000E0,4.000000000E1
5.796682185E2,6.499182547E1,2.548537269E1,8.996899847E0,2.646520996E1,1.389999986E0,1.553000031E2,1.020402523E0,3.790092468E0,2.500000000E0,4.000000000E1
5.806679838E2,6.499181282E1,2.548537753E1,8.990174744E0,2.645849609E1,1.340000033E0,1.693000031E2,1.021802840E0,3.790092468E0,2.500000000E0,4.000000000E1
5.816682326E2,6.499180042E1,2.548538273E1,9.022817565E0,2.649114990E1,1.370000005E0,1.706000061E2,1.023150937E0,3.790092468E0,2.500000000E0,4.000000000E1
5.826681560E2,6.499178878E1,2.548539075E1,9.160014454E0,2.662835693E1,1.350000024E0,1.691000061E2,1.024527437E0,3.790092468E0,2.500000000E0,4.000000000E1
5.836688199E2,6.499177693E1,2.548539922E1,9.218109615E0,2.668646240E1,1.360000014E0,1.660000000E2,1.025977547E0,3.790092468E0,2.500000000E0,4.000000000E1
5.846678694E2,6.499176389E1,2.548539881E1,9.113239338E0,2.658160400E1,1.409999967E0,1.771999969E2,1.027350469E0,3.790092468E0,2.500000000E0,4.000000000E1
5.856678808E2,6.499175157E1,2.548540074E1,9.268013398E0,2.673638916E1,1.399999976E0,1.736000061E2,1.028770094E0,3.790092468E0,2.500000000E0,3.900000000E1
5.866688628E2,6.499173937E1,2.548540964E1,9.584592151E0,2.705297852E1,1.509999990E0,1.651000061E2,1.030096366E0,3.790092468E0,2.500000000E0,3.400000000E1
5.876684725E2,6.499172752E1,2.548541285E1,9.483263194E0,2.695166016E1,1.429999948E0,1.748999939E2,1.031511610E0,3.790092468E0,2.500000000E0,3.700000000E1
5.886684734E2,6.499171498E1,2.548541800E1,9.413000610E0,2.688140869E1,1.440000057E0,1.756000061E2,1.032822694E0,3.790092468E0,2.500000000E0,3.900000000E1
5.896681106E2,6.499170323E1,2.548542032E1,9.162257632E0,2.663067627E1,1.409999967E0,1.776000061E2,1.034248211E0,3.790092468E0,2.500000000E0,3.900000000E1
5.906686967E2,6.499169051E1,2.548542410E1,9.223708677E0,2.669213867E1,1.409999967E0,1.766000061E2,1.035549265E0,3.790092468E0,2.500000000E0,3.900000000E1
5.916680946E2,6.499167924E1,2.548543154E1,9.332036241E0,2.680047607E1,1.330000043E0,1.748000031E2,1.036898617E0,3.790092468E0,2.500000000E0,3.900000000E1
5.926685119E2,6.499166724E1,2.548543581E1,9.238946952E0,2.670739746E1,1.330000043E0,1.751000061E2,1.038318441E0,3.790092468E0,2.500000000E0,3.900000000E1
5.936681757E2,6.499165480E1,2.548544262E1,9.307722636E0,2.677618408E1,1.460000038E0,1.665000000E2,1.039779302E0,3.790092468E0,2.500000000E0,3.800000000E1
5.946683323E2,6.499164266E1,2.548545450E1,9.301303560E0,2.676977539E1,1.340000033E0,1.571999969E2,NaN,3.790092468E0,2.500000000E0,3.800000000E1
